bench,instance_id,original_inst_id,language,status,patch_files,patch_blocks,patch_span,gold_context_length,num_agents,repo,commit
Verified,SWE-Bench-Verified__python__maintenance__bugfix__27320d49,scikit-learn__scikit-learn-25232,python,pass,1.0,5.0,11.0,1287.0,86,,f7eea978097085a6781a0e92fc14ba7712a52d75
Pro,SWE-Bench-Pro__python__maintenance__bugfix__512d556b,instance_ansible__ansible-fb144c44144f8bd3542e71f5db62b6d322c7bd85-vba6da65a0f3baefda7a058ebbd0a8dcafb8512f5,mixed,pass,2.0,5.0,21.0,3245.0,0,,662d34b9a7a1b3ab1d4847eeaef201a005826aef
Verified,SWE-Bench-Verified__python__maintenance__bugfix__e09a2d75,sympy__sympy-13551,python,pass,1.0,1.0,7.0,369.0,44,,9476425b9e34363c2d9ac38e9f04aa75ae54a775
Verified,SWE-Bench-Verified__python__maintenance__bugfix__ac705f35,django__django-14434,python,pass,1.0,1.0,2.0,865.0,80,,5e04e84d67da8163f365e9f5fcd169e2630e2873
Verified,SWE-Bench-Verified__python__maintenance__bugfix__bc1c666f,sympy__sympy-12489,python,pass,1.0,20.0,51.0,6302.0,15,,aa9780761ad8c3c0f68beeef3a0ce5caac9e100b
Verified,SWE-Bench-Verified__python__maintenance__bugfix__0006beec,django__django-14765,python,pass,1.0,1.0,5.0,444.0,104,,4e8121e8e42a24acc3565851c9ef50ca8322b15c
Poly,SWE-PolyBench__python__maintenance__bugfix__8c189fda,keras-team__keras-18553,mixed,pass,1.0,6.0,6.0,2613.0,0,,c8a5a8969a8712a9a1939937ce34158e04cfc09d
Verified,SWE-Bench-Verified__python__maintenance__bugfix__e5a3bf2a,astropy__astropy-14539,python,pass,1.0,1.0,2.0,253.0,84,,c0a24c1dc957a3b565294213f435fefb2ec99714
Poly,SWE-PolyBench__python__evolution__feature__674464fb,huggingface__transformers-28517,mixed,pass,1.0,4.0,34.0,1408.0,0,,edb170238febf7fc3e3278ed5b9ca0b2c40c70e3
Verified,SWE-Bench-Verified__python__maintenance__bugfix__cecff61c,django__django-16819,python,pass,1.0,1.0,9.0,189.0,89,,0b0998dc151feb77068e2387c34cc50ef6b356ae
Poly,SWE-PolyBench__python__maintenance__bugfix__84e0afe2,huggingface__transformers-24238,mixed,pass,1.0,2.0,6.0,702.0,0,,d7389cd20168052e5fc7abe0cf31cd1eb960fbc9
Verified,SWE-Bench-Verified__python__maintenance__bugfix__986c9e85,django__django-12193,python,pass,1.0,1.0,3.0,285.0,61,,3fb7c12158a2402f0f80824f6778112071235803
Verified,SWE-Bench-Verified__python__maintenance__bugfix__91e36e16,sympy__sympy-21847,python,pass,1.0,2.0,4.0,598.0,99,,d9b18c518d64d0ebe8e35a98c2fb519938b9b151
Verified,SWE-Bench-Verified__python__maintenance__bugfix__f8da42bc,django__django-13449,python,pass,1.0,1.0,42.0,394.0,65,,2a55431a5678af52f669ffe7dff3dd0bd21727f8
Verified,SWE-Bench-Verified__python__maintenance__bugfix__0f3c174a,sphinx-doc__sphinx-8638,python,pass,1.0,1.0,2.0,407.0,10,,4b452338f914d4f6b54704222d70ae8a746e3db5
Verified,SWE-Bench-Verified__python__maintenance__bugfix__60bc9e86,django__django-15863,python,pass,1.0,1.0,2.0,174.0,92,,37c5b8c07be104fd5288cd87f101e48cb7a40298
Poly,SWE-PolyBench__python__maintenance__bugfix__52a91dd8,langchain-ai__langchain-5609,mixed,pass,2.0,2.0,47.0,2421.0,0,,28d6277396013a16613008647c312bbd6c4623cc
Verified,SWE-Bench-Verified__python__maintenance__bugfix__31d4fe9d,django__django-14539,python,pass,1.0,1.0,5.0,376.0,89,,6a5ef557f80a8eb6a758ebe99c8bb477ca47459e
Verified,SWE-Bench-Verified__python__maintenance__bugfix__90f381a2,django__django-12858,python,pass,1.0,1.0,2.0,352.0,78,,f2051eb8a7febdaaa43bd33bf5a6108c5f428e59
Verified,SWE-Bench-Verified__python__maintenance__bugfix__497d4650,matplotlib__matplotlib-26342,python,pass,1.0,2.0,6.0,352.0,90,,2aee6ccd7c7e1f8d282c1e7579f4ee546b838542
Poly,SWE-PolyBench__python__maintenance__bugfix__24342259,keras-team__keras-19484,mixed,pass,1.0,1.0,2.0,254.0,0,,6a9bc4c051f0e4ee5e4ff48f08fd14230036dc46
Verified,SWE-Bench-Verified__python__maintenance__bugfix__abb9b8b0,pytest-dev__pytest-10081,python,pass,1.0,1.0,2.0,443.0,83,,da9a2b584eb7a6c7e924b2621ed0ddaeca0a7bea
Poly,SWE-PolyBench__python__maintenance__bugfix__14ce2fa9,huggingface__transformers-23223,mixed,pass,3.0,4.0,46.0,1706.0,0,,9088fcae82f4e23021e600966626188ce6fbe6df
Verified,SWE-Bench-Verified__python__maintenance__bugfix__05a89a66,django__django-13109,python,pass,1.0,1.0,2.0,301.0,106,,fbe82f82555bc25dccb476c749ca062f0b522be3
Verified,SWE-Bench-Verified__python__maintenance__bugfix__4f88ede2,scikit-learn__scikit-learn-15100,python,pass,1.0,1.0,5.0,289.0,103,,af8a6e592a1a15d92d77011856d5aa0ec4db4c6c
Poly,SWE-PolyBench__python__maintenance__bugfix__ea5a4764,keras-team__keras-19775,mixed,pass,1.0,1.0,4.0,912.0,0,,a243d91e43b4c43fe8d184b541b608b6ddd80f71
Verified,SWE-Bench-Verified__python__maintenance__bugfix__15e5aaa3,sympy__sympy-21930,python,pass,1.0,3.0,9.0,569.0,0,,de446c6d85f633271dfec1452f6f28ea783e293f
Verified,SWE-Bench-Verified__python__maintenance__bugfix__09457b9b,matplotlib__matplotlib-25332,python,pass,1.0,1.0,24.0,191.0,59,,66ba515e671638971bd11a34cff12c107a437e0b
Verified,SWE-Bench-Verified__python__maintenance__bugfix__3f745086,django__django-15987,python,pass,1.0,1.0,2.0,383.0,76,,7e6b537f5b92be152779fc492bb908d27fe7c52a
Verified,SWE-Bench-Verified__python__maintenance__bugfix__cb2c6ff3,pydata__xarray-7233,python,pass,1.0,1.0,4.0,274.0,96,,51d37d1be95547059251076b3fadaa317750aab3
Verified,SWE-Bench-Verified__python__maintenance__bugfix__a375715a,sympy__sympy-22456,python,pass,1.0,4.0,12.0,808.0,83,,a3475b3f9ac662cd425157dd3bdb93ad7111c090
Verified,SWE-Bench-Verified__python__maintenance__bugfix__a14d0e2e,matplotlib__matplotlib-24570,python,pass,1.0,1.0,4.0,370.0,76,,8f0003ae902952372824c9917975fb372c026a42
Verified,SWE-Bench-Verified__python__maintenance__bugfix__02b5862c,django__django-7530,python,pass,1.0,1.0,2.0,379.0,93,,f8fab6f90233c7114d642dfe01a4e6d4cb14ee7d
Verified,SWE-Bench-Verified__python__maintenance__bugfix__55a3ef80,django__django-11163,python,pass,1.0,1.0,2.0,276.0,106,,e6588aa4e793b7f56f4cadbfa155b581e0efc59a
Verified,SWE-Bench-Verified__python__maintenance__bugfix__4f130690,scikit-learn__scikit-learn-10844,python,pass,1.0,1.0,2.0,432.0,109,,97523985b39ecde369d83352d7c3baf403b60a22
Verified,SWE-Bench-Verified__python__maintenance__bugfix__4fb8fc10,django__django-16429,python,pass,1.0,1.0,2.0,101.0,105,,6c86495bcee22eac19d7fb040b2988b830707cbd
Poly,SWE-PolyBench__python__evolution__feature__4a329645,huggingface__transformers-15795,mixed,pass,1.0,6.0,41.0,5619.0,0,,8481ecefbd7e701bc061b321cb1695d16eac95a9
Poly,SWE-PolyBench__python__evolution__feature__b4302840,huggingface__transformers-21768,mixed,pass,1.0,8.0,157.0,4347.0,0,,99ba36e72fe7d1528e2c6572373a425967ee544f
Verified,SWE-Bench-Verified__python__maintenance__bugfix__8971eeba,scikit-learn__scikit-learn-14983,python,pass,1.0,2.0,9.0,450.0,42,,06632c0d185128a53c57ccc73b25b6408e90bb89
Verified,SWE-Bench-Verified__python__maintenance__bugfix__42c77239,pydata__xarray-2905,python,fail2pass,1.0,1.0,7.0,241.0,71,,7c4e2ac83f7b4306296ff9b7b51aaf016e5ad614
Verified,SWE-Bench-Verified__python__maintenance__bugfix__4b691a35,django__django-17087,python,pass,1.0,1.0,2.0,253.0,76,,4a72da71001f154ea60906a2f74898d32b7322a7
Verified,SWE-Bench-Verified__python__maintenance__bugfix__a7a5e8ed,django__django-14349,python,pass,1.0,2.0,5.0,482.0,97,,a708f39ce67af174df90c5b5e50ad1976cec7cb8
Verified,SWE-Bench-Verified__python__maintenance__bugfix__bc999af3,sympy__sympy-13877,python,fail2pass,1.0,1.5,10.0,1901.6666666666667,32,,1659712001810f5fc563a443949f8e3bb38af4bd
Poly,SWE-PolyBench__python__maintenance__bugfix__380568e9,keras-team__keras-19636,mixed,pass,1.0,3.0,14.0,1055.0,0,,880f0cdd67591474d8ed98a6b192655322b7ecfc
Verified,SWE-Bench-Verified__python__maintenance__bugfix__4e7b7c81,django__django-15741,python,pass,1.0,1.0,2.0,189.0,96,,8c0886b068ba4e224dd78104b93c9638b860b398
Verified,SWE-Bench-Verified__python__maintenance__bugfix__6cf8c11d,django__django-16527,python,pass,1.0,1.0,1.0,265.0,107,,bd366ca2aeffa869b7dbc0b0aa01caea75e6dc31
Verified,SWE-Bench-Verified__python__maintenance__bugfix__3185b834,astropy__astropy-14598,python,pass,1.0,2.0,4.0,640.0,7,,80c3854a5f4f4a6ab86c03d9db7854767fcd83c1
Verified,SWE-Bench-Verified__python__maintenance__bugfix__ec975b6c,pydata__xarray-4695,python,pass,1.0,1.0,2.0,320.0,51,,51ef2a66c4e0896eab7d2b03e3dfb3963e338e3c
Verified,SWE-Bench-Verified__python__maintenance__bugfix__2e76c8cd,pallets__flask-5014,python,pass,1.0,1.0,2.0,119.0,102,,7ee9ceb71e868944a46e1ff00b506772a53a4f1d
Poly,SWE-PolyBench__python__maintenance__bugfix__b01e9113,huggingface__transformers-29449,mixed,pass,1.0,2.0,22.0,2676.0,0,,17b06e2c6650de162e7954babf6224c1975c2852
Verified,SWE-Bench-Verified__python__maintenance__bugfix__42a80be0,scikit-learn__scikit-learn-9288,python,pass,1.0,2.0,6.0,1221.0,85,,3eacf948e0f95ef957862568d87ce082f378e186
Verified,SWE-Bench-Verified__python__maintenance__bugfix__88e1ffd3,psf__requests-1142,python,pass,1.0,1.0,1.0,467.0,61,,22623bd8c265b78b161542663ee980738441c307
Verified,SWE-Bench-Verified__python__maintenance__bugfix__51f3cc91,scikit-learn__scikit-learn-14894,python,pass,1.0,1.0,11.0,458.0,106,,fdbaa58acbead5a254f2e6d597dc1ab3b947f4c6
Verified,SWE-Bench-Verified__python__maintenance__bugfix__9a05fe0c,django__django-11179,python,pass,1.0,1.0,1.0,326.0,100,,19fc6376ce67d01ca37a91ef2f55ef769f50513a
Verified,SWE-Bench-Verified__python__maintenance__bugfix__1ad7449c,django__django-14404,python,pass,1.0,1.0,8.0,546.0,32,,de32fe83a2e4a20887972c69a0693b94eb25a88b
Verified,SWE-Bench-Verified__python__maintenance__bugfix__9b321036,sympy__sympy-15017,python,pass,1.0,1.0,2.0,242.0,48,,6810dee426943c1a2fe85b5002dd0d4cf2246a05
Verified,SWE-Bench-Verified__python__maintenance__bugfix__9c470c46,matplotlib__matplotlib-22871,python,pass,1.0,1.0,6.0,323.0,44,,a7b7260bf06c20d408215d95ce20a1a01c12e5b1
Poly,SWE-PolyBench__python__maintenance__bugfix__faa6b3ac,huggingface__transformers-3716,mixed,pass,2.0,3.0,14.0,2049.0,0,,f8208fa456039b46873a2e497b6318d30a4fc84e
Verified,SWE-Bench-Verified__python__maintenance__bugfix__8d1c297a,sympy__sympy-13647,python,pass,1.0,1.0,2.0,281.0,95,,67e3c956083d0128a621f65ee86a7dacd4f9f19f
Poly,SWE-PolyBench__python__maintenance__bugfix__2f88019c,huggingface__transformers-8624,mixed,pass,1.0,1.0,8.0,742.0,0,,cdfa56afe02c3ed5d2b86498515cfddf82d56f2c
Verified,SWE-Bench-Verified__python__maintenance__bugfix__bdec299d,scikit-learn__scikit-learn-13142,python,pass,1.0,2.0,5.0,645.0,89,,1c8668b0a021832386470ddf740d834e02c66f69
Verified,SWE-Bench-Verified__python__maintenance__bugfix__3d378646,scikit-learn__scikit-learn-14141,python,pass,1.0,1.0,1.0,93.0,107,,3d997697fdd166eff428ea9fd35734b6a8ba113e
Verified,SWE-Bench-Verified__python__maintenance__bugfix__12d848d7,django__django-11433,python,pass,1.0,1.0,7.0,485.0,15,,21b1d239125f1228e579b1ce8d94d4d5feadd2a6
Verified,SWE-Bench-Verified__python__maintenance__bugfix__ac127191,sympy__sympy-23413,python,fail2pass,1.0,1.0,5.0,753.0,18,,10de1a18a0efac0b19b611e40c928250dda688bf
Verified,SWE-Bench-Verified__python__maintenance__bugfix__7db465d6,sphinx-doc__sphinx-9698,python,pass,1.0,1.0,2.0,345.0,90,,f050a7775dfc9000f55d023d36d925a8d02ccfa8
Verified,SWE-Bench-Verified__python__maintenance__bugfix__d561b333,sympy__sympy-19954,python,pass,1.0,1.0,7.0,888.0,92,,6f54459aa0248bf1467ad12ee6333d8bc924a642
Verified,SWE-Bench-Verified__python__maintenance__bugfix__681ea2b6,django__django-15569,python,pass,1.0,1.0,1.0,207.0,104,,884b4c27f506b3c29d58509fc83a35c30ea10d94
Verified,SWE-Bench-Verified__python__maintenance__bugfix__58d0e27a,sympy__sympy-21612,python,pass,1.0,1.0,7.0,320.0,5,,b4777fdcef467b7132c055f8ac2c9a5059e6a145
Verified,SWE-Bench-Verified__python__maintenance__bugfix__768d44e5,django__django-13551,python,pass,1.0,2.0,13.0,860.0,51,,7f9e4524d6b23424cf44fbe1bf1f4e70f6bb066e
Poly,SWE-PolyBench__python__maintenance__bugfix__70acfaad,huggingface__transformers-29311,mixed,pass,1.0,3.0,12.0,474.0,0,,b27aa206ddf3fe66b36db587603141b3d0379a82
Pro,SWE-Bench-Pro__python__maintenance__bugfix__81c5c6fa,instance_internetarchive__openlibrary-757fcf46c70530739c150c57b37d6375f155dc97-ve8c8d62a2b60610a3c4631f5f23ed866bada9818,mixed,pass,4.0,10.0,85.0,3350.0,0,,34099a36bcd3e9f33e169beb06f64dfab81c2cde
Verified,SWE-Bench-Verified__python__maintenance__bugfix__5d44a351,matplotlib__matplotlib-20676,python,pass,1.0,1.0,7.0,354.0,19,,6786f437df54ca7780a047203cbcfaa1db8dc542
Poly,SWE-PolyBench__python__maintenance__bugfix__dbd7cde5,huggingface__transformers-12981,mixed,pass,1.0,1.0,2.0,208.0,0,,75b8990d9068a2c6ef448c190f2595c17fbcb993
Verified,SWE-Bench-Verified__python__maintenance__bugfix__9dcac3ec,sphinx-doc__sphinx-9367,python,pass,1.0,1.0,8.0,350.0,100,,6918e69600810a4664e53653d6ff0290c3c4a788
Verified,SWE-Bench-Verified__python__maintenance__bugfix__ce7f17a5,matplotlib__matplotlib-25479,python,pass,2.0,2.0,14.0,443.0,0,,7fdf772201e4c9bafbc16dfac23b5472d6a53fa2
Verified,SWE-Bench-Verified__python__maintenance__bugfix__726ccefd,sympy__sympy-22914,python,pass,1.0,1.0,3.0,87.0,102,,c4e836cdf73fc6aa7bab6a86719a0f08861ffb1d
Poly,SWE-PolyBench__python__maintenance__bugfix__2a9201a9,huggingface__transformers-30556,mixed,pass,2.0,2.0,13.0,958.0,0,,a3aabc702e1c49243e7b48f22d88362d50e786c5
Poly,SWE-PolyBench__python__maintenance__bugfix__5acd9675,huggingface__transformers-16198,mixed,fail2pass,1.0,3.0,26.0,410.0,0,,d35e0c62477d8a99baca3d2ae2e64ec62b64527c
Verified,SWE-Bench-Verified__python__maintenance__bugfix__186c0af4,sympy__sympy-13615,python,pass,1.0,1.0,11.0,210.0,42,,50d8a102f0735da8e165a0369bbb994c7d0592a6
Verified,SWE-Bench-Verified__python__maintenance__bugfix__d3576321,sympy__sympy-20428,python,pass,1.0,1.0,10.0,148.0,0,,c0e85160406f9bf2bcaa2992138587668a1cd0bc
Verified,SWE-Bench-Verified__python__maintenance__bugfix__93721db4,django__django-10880,python,pass,1.0,1.0,2.0,329.0,86,,838e432e3e5519c5383d12018e6c78f8ec7833c1
Verified,SWE-Bench-Verified__python__maintenance__bugfix__6809df19,django__django-15467,python,pass,1.0,1.0,2.0,306.0,107,,e0442a628eb480eac6a7888aed5a86f83499e299
Verified,SWE-Bench-Verified__python__maintenance__bugfix__96afaad2,django__django-14089,python,pass,1.0,1.0,3.0,123.0,106,,d01709aae21de9cd2565b9c52f32732ea28a2d98
Verified,SWE-Bench-Verified__python__maintenance__bugfix__20294df2,sympy__sympy-16886,python,pass,1.0,1.0,2.0,214.0,102,,c50643a49811e9fe2f4851adff4313ad46f7325e
Verified,SWE-Bench-Verified__python__maintenance__bugfix__4d207ce8,django__django-13028,python,pass,1.0,1.0,9.0,320.0,90,,78ad4b4b0201003792bfdbf1a7781cbc9ee03539
Verified,SWE-Bench-Verified__python__maintenance__bugfix__a5ec0eec,django__django-14999,python,pass,1.0,1.0,11.0,601.0,76,,a754b82dac511475b6276039471ccd17cc64aeb8
Verified,SWE-Bench-Verified__python__maintenance__bugfix__71f348da,astropy__astropy-13579,python,pass,1.0,1.0,14.0,506.0,81,,0df94ff7097961e92fd7812036a24b145bc13ca8
Verified,SWE-Bench-Verified__python__maintenance__bugfix__765e5e14,sphinx-doc__sphinx-10449,python,pass,1.0,3.0,13.0,853.0,61,,36367765fe780f962bba861bf368a765380bbc68
Poly,SWE-PolyBench__python__evolution__feature__c0e4893c,huggingface__transformers-23126,mixed,pass,1.0,3.0,10.0,924.0,0,,b61d5b47f640308068139561f673765b2af39874
Verified,SWE-Bench-Verified__python__maintenance__bugfix__0eecae1e,pytest-dev__pytest-7432,python,pass,1.0,1.0,2.0,228.0,82,,e6e300e729dd33956e5448d8be9a0b1540b4e53a
Verified,SWE-Bench-Verified__python__maintenance__bugfix__c4c8d376,django__django-13925,python,pass,1.0,1.0,1.0,233.0,50,,0c42cdf0d2422f4c080e93594d5d15381d6e955e
Pro,SWE-Bench-Pro__python__maintenance__bugfix__89932d58,instance_qutebrowser__qutebrowser-bedc9f7fadf93f83d8dee95feeecb9922b6f063f-v2ef375ac784985212b1805e1d0431dc8f1b3c171,mixed,pass,4.0,7.5,158.5,4653.0,0,,0e624e64695e8f566c7391f65f737311aeb6b2eb
Verified,SWE-Bench-Verified__python__maintenance__bugfix__35f76ab1,matplotlib__matplotlib-22865,python,pass,1.0,1.0,8.0,362.0,45,,c6c7ec1978c22ae2c704555a873d0ec6e1e2eaa8
Verified,SWE-Bench-Verified__python__maintenance__bugfix__90532e38,pydata__xarray-4075,python,pass,1.0,1.0,3.0,269.0,106,,19b088636eb7d3f65ab7a1046ac672e0689371d8
Verified,SWE-Bench-Verified__python__maintenance__bugfix__c2f0f2be,pytest-dev__pytest-7205,python,pass,1.0,2.0,3.0,232.0,73,,5e7f1ab4bf58e473e5d7f878eb2b499d7deabd29
Verified,SWE-Bench-Verified__python__maintenance__bugfix__b5cec962,sphinx-doc__sphinx-7462,python,pass,2.0,2.0,5.0,775.0,0,,b3e26a6c851133b82b50f4b68b53692076574d13
Poly,SWE-PolyBench__python__maintenance__bugfix__9ea927ce,yt-dlp__yt-dlp-9862,mixed,pass,1.0,2.0,3.0,1903.0,0,,39bc699d2e6e39b26af028cc09a7b1d460d00e31
Verified,SWE-Bench-Verified__python__maintenance__bugfix__bdde6d9c,django__django-12125,python,pass,1.0,1.0,2.0,238.0,54,,89d41cba392b759732ba9f1db4ff29ed47da6a56
Verified,SWE-Bench-Verified__python__maintenance__bugfix__d3bf673c,pydata__xarray-6599,python,fail2pass,1.0,2.0,6.0,336.0,42,,6bb2b855498b5c68d7cca8cceb710365d58e6048
Verified,SWE-Bench-Verified__python__maintenance__bugfix__dc72c033,django__django-12155,python,pass,1.0,1.0,3.0,1447.0,108,,e8fcdaad5c428878d0a5d6ba820d957013f75595
Verified,SWE-Bench-Verified__python__maintenance__bugfix__51e329de,sympy__sympy-12419,python,fail2pass,1.0,4.0,9.0,754.0,61,,479939f8c65c8c2908bbedc959549a257a7c0b0b
Verified,SWE-Bench-Verified__python__maintenance__bugfix__7ec77e9c,sympy__sympy-12096,python,pass,1.0,1.0,5.0,244.0,104,,d7c3045115693e887bcd03599b7ca4650ac5f2cb
Verified,SWE-Bench-Verified__python__maintenance__bugfix__c4bcf730,sympy__sympy-15976,python,fail2pass,1.0,2.0,19.0,1560.5,23,,701441853569d370506514083b995d11f9a130bd
Verified,SWE-Bench-Verified__python__maintenance__bugfix__80c9776a,django__django-11555,python,pass,1.0,1.0,17.0,242.0,45,,8dd5877f58f84f2b11126afbd0813e24545919ed
Verified,SWE-Bench-Verified__python__maintenance__bugfix__a571e81e,matplotlib__matplotlib-25122,python,pass,1.0,2.0,8.0,811.0,98,,5ec2bd279729ff534719b8bf238dbbca907b93c5
Verified,SWE-Bench-Verified__python__maintenance__bugfix__c20c3c4f,django__django-14787,python,pass,1.0,1.0,4.0,406.0,91,,004b4620f6f4ad87261e149898940f2dcd5757ef
Pro,SWE-Bench-Pro__python__maintenance__bugfix__ab946da6,instance_internetarchive__openlibrary-60725705782832a2cb22e17c49697948a42a9d03-v298a7a812ceed28c4c18355a091f1b268fe56d86,mixed,pass,1.0,1.0,32.5,3070.0,0,,73e4b70aa3adafbbf44e7942b5bf9efabce70447
Verified,SWE-Bench-Verified__python__maintenance__bugfix__1a760e52,django__django-11099,python,pass,1.0,2.0,4.0,480.0,107,,d26b2424437dabeeca94d7900b37d2df4410da0c
Poly,SWE-PolyBench__python__maintenance__bugfix__aaf309d2,langchain-ai__langchain-4009,mixed,pass,1.0,3.0,33.0,2652.0,0,,aa383559999b3d6a781c62ed7f8589fef8892879
Poly,SWE-PolyBench__python__maintenance__bugfix__2b00c0d1,huggingface__transformers-26839,mixed,pass,1.0,1.0,13.0,4591.0,0,,d7cb5e138ec1ccc848a554574b1a89f0dfaf0e90
Pro,SWE-Bench-Pro__python__maintenance__bugfix__1bb5c0b0,instance_ansible__ansible-5260527c4a71bfed99d803e687dd19619423b134-vba6da65a0f3baefda7a058ebbd0a8dcafb8512f5,mixed,pass,3.0,7.0,37.0,1425.0,0,,bf98f031f3f5af31a2d78dc2f0a58fe92ebae0bb
Pro,SWE-Bench-Pro__python__maintenance__bugfix__1cae51cc,instance_ansible__ansible-b2a289dcbb702003377221e25f62c8a3608f0e89-v173091e2e36d38c978002990795f66cfc0af30ad,mixed,pass,8.0,19.0,107.0,8496.0,0,,6382ea168a93d80a64aab1fbd8c4f02dc5ada5bf
Verified,SWE-Bench-Verified__python__maintenance__bugfix__d0723f55,sphinx-doc__sphinx-8120,python,pass,2.0,3.0,5.0,1042.0,76,,795747bdb6b8fb7d717d5bbfc2c3316869e66a73
Verified,SWE-Bench-Verified__python__maintenance__bugfix__4d321c4a,sympy__sympy-20590,python,pass,1.0,1.0,1.0,233.0,58,,cffd4e0f86fefd4802349a9f9b19ed70934ea354
Verified,SWE-Bench-Verified__python__maintenance__bugfix__84effcbc,django__django-13158,python,pass,1.0,2.0,8.0,511.0,64,,7af8f4127397279d19ef7c7899e93018274e2f9b
Verified,SWE-Bench-Verified__python__maintenance__bugfix__b91692e0,scikit-learn__scikit-learn-25931,python,pass,1.0,3.0,7.0,730.0,85,,e3d1f9ac39e4bf0f31430e779acc50fb05fe1b64
Verified,SWE-Bench-Verified__python__maintenance__bugfix__16c72e4c,django__django-12419,python,pass,1.0,1.0,2.0,160.0,101,,7fa1a93c6c8109010a6ff3f604fda83b604e0e97
Verified,SWE-Bench-Verified__python__maintenance__bugfix__20eb5bc8,pydata__xarray-4966,python,pass,1.0,1.0,8.0,295.0,96,,37522e991a32ee3c0ad1a5ff8afe8e3eb1885550
Verified,SWE-Bench-Verified__python__maintenance__bugfix__1c5aa714,django__django-14500,python,pass,1.0,2.0,9.0,615.0,79,,8c3bd0b708b488a1f6e8bd8cc6b96569904605be
Verified,SWE-Bench-Verified__python__maintenance__bugfix__0b74a2c7,django__django-15104,python,pass,1.0,1.0,2.0,289.0,107,,a7e7043c8746933dafce652507d3b821801cdc7d
Verified,SWE-Bench-Verified__python__maintenance__bugfix__c9656d7a,django__django-15380,python,pass,1.0,1.0,2.0,514.0,85,,71e7c8e73712419626f1c2b6ec036e8559a2d667
Verified,SWE-Bench-Verified__python__maintenance__bugfix__2ccbdc72,django__django-15930,python,pass,1.0,1.0,5.0,173.0,71,,63884829acd207404f2a5c3cc1d6b4cd0a822b70
Verified,SWE-Bench-Verified__python__maintenance__bugfix__dded0f96,django__django-15368,python,pass,1.0,2.0,3.0,842.0,105,,e972620ada4f9ed7bc57f28e133e85c85b0a7b20
Poly,SWE-PolyBench__python__maintenance__bugfix__8b1080ea,keras-team__keras-19863,mixed,fail2pass,1.0,1.0,48.0,499.0,0,,f6cf6a0e77dd504cfc35dd499dd8694b0b80b4ae
Verified,SWE-Bench-Verified__python__maintenance__bugfix__1efc2b51,django__django-16485,python,pass,1.0,1.0,2.0,201.0,102,,39f83765e12b0e5d260b7939fc3fe281d879b279
Pro,SWE-Bench-Pro__python__maintenance__bugfix__9c878ad5,instance_ansible__ansible-0fd88717c953b92ed8a50495d55e630eb5d59166-vba6da65a0f3baefda7a058ebbd0a8dcafb8512f5,mixed,pass,2.0,4.5,39.0,2818.0,0,,016b7f71b10539c90ddbb3246f19f9cbf0e65428
Verified,SWE-Bench-Verified__python__maintenance__bugfix__d2a786e2,django__django-13516,python,pass,1.0,1.0,4.0,163.0,96,,b7da588e883e12b8ac3bb8a486e654e30fc1c6c8
Verified,SWE-Bench-Verified__python__maintenance__bugfix__1ae3c3bd,django__django-13417,python,pass,1.0,1.0,2.0,248.0,95,,71ae1ab0123582cc5bfe0f7d5f4cc19a9412f396
Verified,SWE-Bench-Verified__python__maintenance__bugfix__a8414dbd,matplotlib__matplotlib-25311,python,pass,1.0,2.0,21.0,498.0,58,,430fb1db88843300fb4baae3edc499bbfe073b0c
Pro,SWE-Bench-Pro__python__maintenance__bugfix__07bb383a,instance_ansible__ansible-f8ef34672b961a95ec7282643679492862c688ec-vba6da65a0f3baefda7a058ebbd0a8dcafb8512f5,mixed,pass,6.0,9.0,37.0,3746.0,0,,e889b1063f60f6b99f5d031f7e903f7be5f58900
Verified,SWE-Bench-Verified__python__maintenance__bugfix__fd8123b1,django__django-15629,python,fail2pass,4.0,6.0,27.0,2419.5,0,,694cf458f16b8d340a3195244196980b2dec34fd
Verified,SWE-Bench-Verified__python__maintenance__bugfix__3e44d93a,django__django-11815,python,pass,1.0,1.0,4.0,362.0,76,,e02f67ef2d03d48128e7a118bf75f0418e24e8ac
Verified,SWE-Bench-Verified__python__maintenance__bugfix__34e61891,matplotlib__matplotlib-20826,python,pass,1.0,1.0,5.0,250.0,37,,a0d2e399729d36499a1924e5ca5bc067c8396810
Poly,SWE-PolyBench__python__maintenance__bugfix__64a006b0,keras-team__keras-19844,mixed,pass,2.0,2.0,3.0,318.0,0,,1c60668f6bdd05dab619806e7b2dc25d3ed4ccbf
Verified,SWE-Bench-Verified__python__maintenance__bugfix__220feee3,pydata__xarray-6721,python,pass,1.0,1.0,3.0,247.0,57,,cc183652bf6e1273e985e1c4b3cba79c896c1193
Verified,SWE-Bench-Verified__python__maintenance__bugfix__13b74fcf,sympy__sympy-17318,python,pass,2.0,3.0,16.0,683.0,10,,d4e0231b08147337745dcf601e62de7eefe2fb2d
Verified,SWE-Bench-Verified__python__maintenance__bugfix__46dc77a5,django__django-12262,python,pass,1.0,1.0,2.0,375.0,74,,69331bb851c34f05bc77e9fc24020fe6908b9cd5
Verified,SWE-Bench-Verified__python__maintenance__bugfix__4f685b8e,pydata__xarray-6461,python,pass,1.0,1.0,10.0,417.0,85,,851dadeb0338403e5021c3fbe80cbc9127ee672d
Verified,SWE-Bench-Verified__python__maintenance__bugfix__1d90db61,astropy__astropy-14096,python,pass,1.0,1.0,13.0,376.0,78,,1a4462d72eb03f30dc83a879b1dd57aac8b2c18b
Verified,SWE-Bench-Verified__python__maintenance__bugfix__227490c2,django__django-14311,python,fail2pass,1.0,1.0,10.0,467.0,51,,5a8e8f80bb82a867eab7e4d9d099f21d0a976d22
Verified,SWE-Bench-Verified__python__maintenance__bugfix__e2250ebc,django__django-17029,python,pass,1.0,1.0,2.0,197.0,106,,953f29f700a60fc09b08b2c2270c12c447490c6a
Poly,SWE-PolyBench__python__maintenance__bugfix__453fb844,huggingface__transformers-13693,mixed,pass,1.0,2.0,21.0,1280.0,0,,8e908c8c74f556a82534f4cf1e7a1b4f7b55d24c
Verified,SWE-Bench-Verified__python__maintenance__bugfix__42ae5e9f,matplotlib__matplotlib-22719,python,pass,1.0,2.0,6.0,798.0,102,,a2a1b0a11b993fe5f8fab64b6161e99243a6393c
Pro,SWE-Bench-Pro__python__maintenance__bugfix__4c132bfd,instance_ansible__ansible-e9e6001263f51103e96e58ad382660df0f3d0e39-v30a923fb5c164d6cd18280c02422f75e611e8fb2,mixed,pass,1.0,5.0,94.0,4469.0,0,,bddb9a7490b5e9475d0d01a8d906332e81789cde
Poly,SWE-PolyBench__python__maintenance__bugfix__e3c9c53c,huggingface__transformers-15158,mixed,pass,1.0,1.0,2.0,612.0,0,,c4f7eb124b218741d66dd1d86b5d744024a78f6f
Verified,SWE-Bench-Verified__python__maintenance__bugfix__b10492be,django__django-15022,python,pass,1.0,2.0,4.0,679.0,65,,e1d673c373a7d032060872b690a92fc95496612e
Poly,SWE-PolyBench__python__maintenance__bugfix__3f3ff585,keras-team__keras-19201,mixed,pass,1.0,1.0,6.0,373.0,0,,ec67b760ba25e1ccc392d288f7d8c6e9e153eea2
Verified,SWE-Bench-Verified__python__maintenance__bugfix__074f37ac,sympy__sympy-22714,python,pass,1.0,1.0,2.0,410.0,91,,3ff4717b6aef6086e78f01cdfa06f64ae23aed7e
Verified,SWE-Bench-Verified__python__maintenance__bugfix__3d43f489,sympy__sympy-20801,python,pass,1.0,1.0,4.0,353.0,78,,e11d3fed782146eebbffdc9ced0364b223b84b6c
Poly,SWE-PolyBench__python__maintenance__bugfix__9ff56151,huggingface__transformers-17082,mixed,pass,3.0,3.0,8.0,1057.0,0,,d76d2a2af7babf73d6c5bc53facaccab05e912f8
Verified,SWE-Bench-Verified__python__maintenance__bugfix__2c34be8a,django__django-13012,python,pass,1.0,1.0,5.0,131.0,74,,22a59c01c00cf9fbefaee0e8e67fab82bbaf1fd2
Verified,SWE-Bench-Verified__python__maintenance__bugfix__5900c195,scikit-learn__scikit-learn-11310,python,pass,1.0,4.0,9.0,933.0,97,,553b5fb8f84ba05c8397f26dd079deece2b05029
Verified,SWE-Bench-Verified__python__maintenance__bugfix__7ccc36b7,matplotlib__matplotlib-23314,python,pass,1.0,1.0,3.0,132.0,84,,97fc1154992f64cfb2f86321155a7404efeb2d8a
Pro,SWE-Bench-Pro__python__maintenance__bugfix__0c4f8d13,instance_ansible__ansible-1a4644ff15355fd696ac5b9d074a566a80fe7ca3-v30a923fb5c164d6cd18280c02422f75e611e8fb2,mixed,pass,1.0,4.5,44.5,6509.0,0,,1503805b703787aba06111f67e7dc564e3420cad
Verified,SWE-Bench-Verified__python__maintenance__bugfix__9ea965a5,sympy__sympy-13372,python,pass,1.0,1.0,4.0,439.0,95,,30379ea6e225e37833a764ac2da7b7fadf5fe374
Verified,SWE-Bench-Verified__python__maintenance__bugfix__d105d187,django__django-15103,python,fail2pass,1.5,2.0,12.0,742.0,82,,dd528cb2cefc0db8b91a7ff0a2bc87305b976597
Verified,SWE-Bench-Verified__python__maintenance__bugfix__5c82134f,django__django-13343,python,pass,1.0,2.0,16.0,462.0,82,,ece18207cbb64dd89014e279ac636a6c9829828e
Verified,SWE-Bench-Verified__python__maintenance__bugfix__f667fa43,django__django-15499,python,pass,1.0,1.0,13.0,182.0,98,,d90e34c61b27fba2527834806639eebbcfab9631
Poly,SWE-PolyBench__python__maintenance__bugfix__158909b8,huggingface__transformers-28071,mixed,pass,1.0,4.0,46.0,1303.0,0,,43ee58588be4dc754c9f0dea874437fe7201bf00
Poly,SWE-PolyBench__python__maintenance__bugfix__3bb9721e,huggingface__transformers-23796,mixed,pass,2.0,2.0,5.0,856.0,0,,de9255de27abfcae4a1f816b904915f0b1e23cd9
Verified,SWE-Bench-Verified__python__maintenance__bugfix__6f3e4cd9,django__django-11749,python,pass,1.0,1.0,40.0,454.0,81,,350123f38c2b6217c38d70bfbd924a9ba3df1289
Pro,SWE-Bench-Pro__python__maintenance__bugfix__e2b70931,instance_ansible__ansible-5640093f1ca63fd6af231cc8a7fb7d40e1907b8c-vba6da65a0f3baefda7a058ebbd0a8dcafb8512f5,mixed,pass,4.0,5.0,63.0,1972.0,0,,a5a13246ce02fd4c4ce997627b4f42152e59d288
Verified,SWE-Bench-Verified__python__maintenance__bugfix__67bcb30f,matplotlib__matplotlib-26113,python,pass,1.0,1.0,2.0,313.0,96,,5ca694b38d861c0e24cd8743753427dda839b90b
Verified,SWE-Bench-Verified__python__maintenance__bugfix__2ab7d0fc,django__django-15814,python,pass,1.0,1.0,2.0,231.0,84,,5eb6a2b33d70b9889e1cafa12594ad6f80773d3a
Verified,SWE-Bench-Verified__python__maintenance__bugfix__45db86cf,django__django-14140,python,pass,1.0,1.0,12.0,660.0,29,,45814af6197cfd8f4dc72ee43b90ecde305a1d5a
Verified,SWE-Bench-Verified__python__maintenance__bugfix__1ce4c38e,astropy__astropy-14995,python,pass,1.0,1.0,3.0,461.0,99,,b16c7d12ccbc7b2d20364b89fb44285bcbfede54
Verified,SWE-Bench-Verified__python__maintenance__bugfix__81f2c925,django__django-12143,python,pass,1.0,1.0,3.0,360.0,105,,5573a54d409bb98b5c5acdb308310bed02d392c2
Verified,SWE-Bench-Verified__python__maintenance__bugfix__607f6b9e,django__django-11603,python,pass,1.0,2.0,2.0,269.0,105,,f618e033acd37d59b536d6e6126e6c5be18037f6
Verified,SWE-Bench-Verified__python__maintenance__bugfix__183a2a5b,django__django-15973,python,pass,1.0,1.0,2.0,302.0,5,,2480554dc4ada4ecf3f6a08e318735a2e50783f3
Verified,SWE-Bench-Verified__python__maintenance__bugfix__7afb30f5,sphinx-doc__sphinx-11445,python,pass,1.0,4.0,8.0,969.0,49,,71db08c05197545944949d5aa76cd340e7143627
Verified,SWE-Bench-Verified__python__maintenance__bugfix__7489fdd8,django__django-11451,python,pass,1.0,1.0,3.0,292.0,91,,e065b293878b1e3ea56655aa9d33e87576cd77ff
Verified,SWE-Bench-Verified__python__maintenance__bugfix__3c7d37b7,sympy__sympy-23824,python,pass,1.0,1.0,4.0,307.0,92,,39de9a2698ad4bb90681c0fdb70b30a78233145f
Poly,SWE-PolyBench__python__maintenance__bugfix__214ce29d,huggingface__transformers-7078,mixed,pass,1.0,5.0,10.0,1233.0,0,,4cbd50e611e5bace6ba81d7bb7e730852bb09142
Poly,SWE-PolyBench__python__maintenance__bugfix__40f09c26,huggingface__transformers-28535,mixed,pass,1.0,2.0,11.0,930.0,0,,07ae53e6e77ec6ff4fb25fbacfec4b11cfc82749
Verified,SWE-Bench-Verified__python__maintenance__bugfix__7439767b,sympy__sympy-14976,python,pass,1.0,1.0,3.0,223.0,53,,9cbea134220b0b951587e11b63e2c832c7246cbc
Multi,Multi-SWE-Bench__javascript__maintenance__bugfix__72488b59,iamkun__dayjs-734,javascript,pass,1.0,1.0,10.0,19139,4,,9ad2e47e0569b23991bb0d5578f49c792c12df08
Multi,Multi-SWE-Bench__javascript__maintenance__bugfix__3d84a3a4,iamkun__dayjs-882,javascript,pass,1.0,2.0,21.0,6822,0,,bcea06730da2d19ddbad844de3557ee077af821c
Multi,Multi-SWE-Bench__typescript__maintenance__bugfix__1ac0bb81,mui__material-ui-33692,typescript,pass,1.0,1.0,2.0,24544,3,,6a96f9ca2297c1293cf1c5b96cb0de255d2f4a8a
Multi,Multi-SWE-Bench__c__maintenance__bugfix__5dc9809e,ponylang__ponyc-1057,c,pass,1.0,1.0,21.0,56922,0,,0c88dd775087f862f103faacdf569e57644e4ce0
Poly,SWE-PolyBench__typescript__maintenance__bugfix__6da325be,mui__material-ui-13778,mixed,pass,1.0,1.0,2.0,273.0,0,,550e949bab55d3fe3f3aba04f76baa7e45d324cc
Poly,SWE-PolyBench__javascript__maintenance__bugfix__10ab7842,prettier__prettier-361,mixed,pass,1.0,1.0,6.0,183.0,0,,237e6f44bc75269b96b31541c4a06ad293a591dd
Multi,Multi-SWE-Bench__c__maintenance__bugfix__8f9042e3,ponylang__ponyc-2532,c,pass,1.0,1.0,23.0,60900,2,,d34dce667accf0797f0afcc5e04fd0605d1ad82e
Multi,Multi-SWE-Bench__typescript__maintenance__bugfix__2fb50735,darkreader__darkreader-7241,typescript,pass,1.0,1.0,2.0,12000,13,,991883df4d5910851130e3dc0e21fcbce604ea7d
Multi,Multi-SWE-Bench__rust__maintenance__bugfix__37f525d2,clap-rs__clap-3421,rust,pass,1.0,1.0,7.0,51919,2,,15f01789d2a6b8952a01a8a3881b94aed4a44f4c
Multi,Multi-SWE-Bench__go__maintenance__bugfix__2a889a1d,cli__cli-1387,go,pass,1.0,3.0,20.0,9262,7,,eb1b9122d8d7984fc33656e5ef90bb5b2b29e9df
Poly,SWE-PolyBench__javascript__maintenance__bugfix__d3babcfe,sveltejs__svelte-1227,mixed,pass,1.0,1.0,13.0,298.0,0,,dc4fdcf77e6156da9579c03d83668f86b5a54c1a
Multi,Multi-SWE-Bench__typescript__maintenance__bugfix__05c9e61e,mui__material-ui-23884,typescript,pass,1.0,1.0,1.0,14761,12,,194670d1cab86a764398648f136949a003b0c8b0
Multi,Multi-SWE-Bench__javascript__maintenance__bugfix__1081c568,sveltejs__svelte-11913,javascript,pass,1.0,1.0,1.0,41248,7,,ca6e9b5745e80b544c404bb74a968b68aea59c40
Poly,SWE-PolyBench__javascript__maintenance__bugfix__4d090fc6,serverless__serverless-2576,mixed,pass,1.0,2.0,12.0,1796.0,0,,5d4003dbad6f3bd07d98ff5d835ddbaa6b093724
Multi,Multi-SWE-Bench__rust__maintenance__bugfix__d3133dfb,clap-rs__clap-4248,rust,pass,1.0,1.0,24.0,45321,5,,8e510650a98a528d3c016cfdfddbe67ae3a470a5
Poly,SWE-PolyBench__javascript__maintenance__bugfix__3b6e6f3a,prettier__prettier-8046,mixed,pass,1.0,1.0,21.0,285.0,0,,19545e049ea424273fb6d647eefd1787d998b333
Poly,SWE-PolyBench__typescript__maintenance__bugfix__27393dd8,mui__material-ui-19121,mixed,pass,1.0,1.0,33.0,438.0,0,,c99bd0dbbfdc72e2e5e1805367cc9a42ff393e3c
Multi,Multi-SWE-Bench__javascript__maintenance__bugfix__eea782b2,iamkun__dayjs-1611,javascript,pass,1.0,2.0,65.0,18420,8,,f68e4b1a29fc33542f74cde10ec6d9fb045ca37e
Multi,Multi-SWE-Bench__c__maintenance__bugfix__45da4482,ponylang__ponyc-3962,c,pass,1.0,2.0,4.0,11949,0,,12466227bb253b600b7a3ee995b56b442d02b6e2
Multi,Multi-SWE-Bench__go__maintenance__bugfix__ff0cfab5,cli__cli-7645,go,pass,1.0,1.0,12.0,16825,9,,d21c11d774df552b9c36d3d35aa8eb12e5aebd55
Poly,SWE-PolyBench__javascript__maintenance__bugfix__8cc426dd,sveltejs__svelte-3451,mixed,pass,1.0,1.0,13.0,311.0,0,,64c56eddcd76d2f88bb2c42488f4b5d8df48a54d
Pro,SWE-Bench-Pro__go__maintenance__bugfix__720b4d92,instance_future-architect__vuls-b8db2e0b74f60cb7d45f710f255e061f054b6afc,mixed,fail2pass,2.0,4.0,9.5,7028.0,0,,43b46cb324f64076e4d9e807c0b60c4b9ce11a82
Multi,Multi-SWE-Bench__rust__maintenance__bugfix__3be02163,clap-rs__clap-3420,rust,pass,2.0,3.0,6.0,45000,0,,135b15467eda2394b017f2a7d25cda1417c0feec
Multi,Multi-SWE-Bench__rust__maintenance__bugfix__2dc6f037,clap-rs__clap-2501,rust,pass,1.0,1.0,4.0,57293,0,,750aba282f1ad4ed623ef32dfe9fb04588e6dd42
Multi,Multi-SWE-Bench__typescript__maintenance__bugfix__7958c8a7,mui__material-ui-35086,typescript,pass,1.0,1.0,3.0,27049,1,,b144a55f0ff8c2d45db00698fff2b0a077d2e619
Multi,Multi-SWE-Bench__typescript__maintenance__bugfix__41a5a6f5,mui__material-ui-34229,typescript,pass,1.0,3.0,6.0,41620,2,,fa62bf35e109ede215cb8cbae66ba4d6a30fef60
Poly,SWE-PolyBench__javascript__maintenance__bugfix__a65e43ee,serverless__serverless-5571,mixed,pass,1.0,1.0,2.0,168.0,0,,fa4ef1159a36355799bba0ace606d3625dd1c24e
Poly,SWE-PolyBench__javascript__maintenance__bugfix__e21304a6,sveltejs__svelte-907,mixed,pass,1.0,2.0,9.0,804.0,0,,1dad8f1936c5ac974854930b32814db907528f56
Multi,Multi-SWE-Bench__typescript__maintenance__bugfix__9bdfae2c,mui__material-ui-38100,typescript,pass,1.0,1.0,1.0,15534,9,,0f8eb07edbf21c585faf4803ab0122f23efbb2c7
Multi,Multi-SWE-Bench__go__maintenance__bugfix__8d23605c,cli__cli-1580,go,pass,1.0,1.0,12.0,30148,6,,727b72666713909d318f24f03065ce2e488566d5
Poly,SWE-PolyBench__javascript__maintenance__bugfix__f4541fb1,serverless__serverless-3457,mixed,pass,1.0,1.0,6.0,198.0,0,,fea269947104889165e3ebb0f64638921caf2052
Multi,Multi-SWE-Bench__rust__maintenance__bugfix__908342f0,clap-rs__clap-4474,rust,pass,1.0,1.0,2.0,33613,15,,4d69e56f06d66ff5215a900dc42809d34a2d4184
Poly,SWE-PolyBench__typescript__maintenance__bugfix__4f3cb6be,microsoft__vscode-135197,mixed,pass,1.0,1.0,4.0,390.0,0,,a993ada9300a531c09dfa6a1be772b1abc1492ad
Pro,SWE-Bench-Pro__go__maintenance__bugfix__997c7afd,instance_flipt-io__flipt-c154dd1a3590954dfd3b901555fc6267f646a289,mixed,fail2pass,6.5,15.5,38.0,6932.0,0,,e432032cf2d11e3bb6f558748a5ee41a90640daa
Pro,SWE-Bench-Pro__javascript__maintenance__bugfix__09eb0d6d,instance_NodeBB__NodeBB-a5afad27e52fd336163063ba40dcadc80233ae10-vd59a5728dfc977f44533186ace531248c2917516,mixed,fail2pass,9.0,15.0,61.5,5440.0,0,,7800016f2f1b89d2d3cfea6a7da7c77096b7b927
Poly,SWE-PolyBench__javascript__maintenance__bugfix__e647c8ce,sveltejs__svelte-4288,mixed,pass,2.0,2.0,5.0,780.0,0,,e4460e38ba58d5209514f0fa93dc61b6bb1ebb54
Multi,Multi-SWE-Bench__go__maintenance__bugfix__3da242a2,cli__cli-10048,go,pass,2.0,2.0,8.0,35670,2,,8288011149e71d5658b80ebef393522ba2d0e7cc
Multi,Multi-SWE-Bench__go__maintenance__bugfix__250649eb,cli__cli-3832,go,pass,2.0,2.0,7.0,23451,5,,aecfc01e6911e0ed58e91f5072305f5441cc76fe
Poly,SWE-PolyBench__javascript__maintenance__bugfix__9d623e73,sveltejs__svelte-728,mixed,pass,1.0,1.0,3.0,116.0,0,,5c4905a595ece6885dfed8c44b26be544130b6a6
Poly,SWE-PolyBench__typescript__maintenance__bugfix__0307e40c,mui__material-ui-15526,mixed,pass,1.0,1.0,13.0,397.0,0,,6ef44f1cf8fdd8c8670a25cbd4c16a54c332198f
Poly,SWE-PolyBench__typescript__maintenance__bugfix__48468065,microsoft__vscode-160342,mixed,pass,1.0,1.0,6.0,341.0,0,,440e61ffab2ba257f30852940fdce18a48a168ea
Poly,SWE-PolyBench__javascript__maintenance__bugfix__59dd675b,serverless__serverless-7374,mixed,pass,1.0,1.0,3.0,148.0,0,,8518000d4fbf3a6cf0a6e2f81bd6421e017a1b5f
Multi,Multi-SWE-Bench__go__maintenance__bugfix__4d9664f3,cli__cli-5047,go,pass,2.0,2.0,7.0,21927,3,,583af3e54c506fa1c0e6bc673c2c62a7e6303660
Multi,Multi-SWE-Bench__typescript__maintenance__bugfix__3cb539ec,mui__material-ui-34337,typescript,pass,1.0,1.0,2.0,68778,3,,b3548fabeab1980d3c5e5b85945550df95ee6b82
Poly,SWE-PolyBench__typescript__maintenance__bugfix__2bfb742a,mui__material-ui-20252,mixed,pass,1.0,2.0,5.0,2011.0,0,,5a794bd4974b02536b59d09029b12b4e76824301
Multi,Multi-SWE-Bench__rust__maintenance__bugfix__1cadcb7d,tokio-rs__tracing-1236,rust,pass,1.0,1.0,2.0,27147,16,,4609f22aff1ad88b81e749e2536761d6ee364d1f
Multi,Multi-SWE-Bench__javascript__maintenance__bugfix__bb727b6d,sveltejs__svelte-13097,javascript,pass,1.0,1.0,20.0,24123,3,,cf6b64c6c0220068abb2843fea78b125b8767f44
Poly,SWE-PolyBench__javascript__maintenance__bugfix__63513ada,sveltejs__svelte-3749,mixed,pass,3.0,4.0,23.0,1335.0,0,,8d7d0ff7dd7b248ca6d9b6b4cac098430c6e6ffa
Multi,Multi-SWE-Bench__typescript__maintenance__bugfix__2aa6fa4c,vuejs__core-11201,typescript,pass,1.0,1.0,21.0,24129,5,,582cd2e9bc21b8d9b695dc0ad28f96cc88d8f0cf
Multi,Multi-SWE-Bench__typescript__maintenance__bugfix__6f9b5ff2,mui__material-ui-38188,typescript,pass,1.0,2.0,4.0,49462,1,,bca4565b43b4166f422aa4ba5d8399bb054bef66
Multi,Multi-SWE-Bench__go__maintenance__bugfix__0498ad7f,cli__cli-2785,go,pass,1.0,1.0,23.0,30689,12,,bdce08a793abe4744c02d537e37c9ba63601a849
Multi,Multi-SWE-Bench__typescript__maintenance__bugfix__4c3f5d3d,mui__material-ui-34437,typescript,pass,1.0,1.0,2.0,48344,12,,d9e863562f735bc798adfe20a63faa919a4fddd4
Poly,SWE-PolyBench__javascript__maintenance__bugfix__c017c9ba,prettier__prettier-6604,mixed,pass,2.0,2.0,4.0,696.0,0,,affa24ce764bd14ac087abeef0603012f5c635d6
Multi,Multi-SWE-Bench__typescript__maintenance__bugfix__5eee261d,vuejs__core-9572,typescript,pass,1.0,1.0,16.0,11449,1,,f6babf32363185ff3ab3512d952a8a9aa9603762
Multi,Multi-SWE-Bench__go__maintenance__bugfix__6d48775e,cli__cli-4253,go,pass,1.0,1.0,18.0,19051,11,,e6ff77ce73c201b0ee36d2b802ea45e9e1ad1822
Multi,Multi-SWE-Bench__c__maintenance__bugfix__538e9f59,jqlang__jq-1793,c,pass,1.0,1.0,18.0,24556,16,,4b4fefa254346524c787b862e35e4fbb70e01e95
Poly,SWE-PolyBench__javascript__maintenance__bugfix__c26fd1ab,sveltejs__svelte-3949,mixed,pass,2.0,2.0,4.0,410.0,0,,39bbac4393d2845989601e216a5d0b4579e1983f
Multi,Multi-SWE-Bench__typescript__maintenance__bugfix__ff629f34,vuejs__core-11899,typescript,pass,1.0,1.0,19.0,33879,1,,d0b513eb463f580e29378e43d112ff6859aa366e
Multi,Multi-SWE-Bench__typescript__maintenance__bugfix__898aa1de,mui__material-ui-39775,typescript,pass,1.0,1.0,7.0,29480,4,,6b9cee5d523304e0a8f3c8fd93a380d27be1df76
Multi,Multi-SWE-Bench__cpp__maintenance__bugfix__e43d9aa5,catchorg__Catch2-1608,cpp,pass,2.0,2.0,38.0,16394,0,,979bbf03bb00bc55ca09783791b5091a2247df68
Multi,Multi-SWE-Bench__typescript__maintenance__bugfix__c8b82135,vuejs__core-8538,typescript,pass,1.0,1.0,10.0,69507,3,,0e63cbfaf57979e2c6fcfa986281c7521d82d893
Multi,Multi-SWE-Bench__java__maintenance__bugfix__747c7f60,google__gson-1391,java,pass,1.0,4.0,12.0,23650,11,,3f4ac29f9112799a7374a99b18acabd0232ff075
Multi,Multi-SWE-Bench__typescript__maintenance__bugfix__04b981d7,mui__material-ui-36659,typescript,pass,1.0,1.0,5.0,42311,3,,0ba283880545390fc6408e408dcde93ed5de178c
Multi,Multi-SWE-Bench__go__maintenance__bugfix__3d1b3145,cli__cli-7180,go,pass,1.0,1.0,26.0,9615,9,,41a457136e3134e5b5e6c17cba2704309ac609bb
Multi,Multi-SWE-Bench__go__maintenance__bugfix__4606de0b,cli__cli-3982,go,pass,1.0,1.0,3.0,8483,11,,a6710ec5064995aadd18da5808c8c4ff41a8199c
Multi,Multi-SWE-Bench__typescript__maintenance__bugfix__54ebe590,vuejs__core-10289,typescript,pass,1.0,1.0,5.0,17259,14,,75e02b5099a08166bdf407127916734c48209ee9
Poly,SWE-PolyBench__typescript__maintenance__bugfix__2d1b4a72,mui__material-ui-18141,mixed,pass,3.0,7.0,19.0,1195.0,0,,13b3a0d31947ccdb20108febb5432d4f46f5a677
Multi,Multi-SWE-Bench__c__maintenance__bugfix__634fe9b8,ponylang__ponyc-2586,c,pass,1.0,1.0,13.0,40876,3,,3ed6c09a5f410351cb0eb9eb545eae9114cbb065
Poly,SWE-PolyBench__typescript__maintenance__bugfix__52180d42,mui__material-ui-18257,mixed,pass,1.0,1.0,2.0,200.0,0,,b29c294f55f0dca2af0c8438b86961a8c8534516
Multi,Multi-SWE-Bench__typescript__maintenance__bugfix__1ff281e5,mui__material-ui-31998,typescript,pass,1.0,1.0,10.0,44934,0,,5b53f5efe691a76630e479245e5be0f91371f691
Multi,Multi-SWE-Bench__c__maintenance__bugfix__d22bf206,ponylang__ponyc-1486,c,pass,1.0,2.0,36.0,54996,0,,336000f438564ca2863d32685964ccd23ec9d174
Poly,SWE-PolyBench__javascript__maintenance__bugfix__1ad00901,sveltejs__svelte-510,mixed,pass,1.0,1.0,6.0,513.0,0,,4012414fa733628bb029be39195a278301da46be
Multi,Multi-SWE-Bench__typescript__maintenance__bugfix__8d2ac221,vuejs__core-11338,typescript,pass,1.0,1.0,5.0,52072,0,,314ce82e479dbb33a9281ba8c2ebe288536b32df
Multi,Multi-SWE-Bench__typescript__maintenance__bugfix__7c41997b,vuejs__core-10250,typescript,pass,1.0,1.0,5.0,33418,2,,d276a4f3e914aaccc291f7b2513e5d978919d0f9
Poly,SWE-PolyBench__javascript__maintenance__bugfix__7e3e2bb9,sveltejs__svelte-3702,mixed,pass,1.0,1.0,24.0,471.0,0,,565931dff957545bf1b8a9ea57cfc097ed1a7e83
Poly,SWE-PolyBench__javascript__maintenance__bugfix__78039f77,sveltejs__svelte-1310,mixed,pass,1.0,1.0,6.0,274.0,0,,b4ade9d4b2e32657bbc95b4cdbfcd2322a8bdbef
Multi,Multi-SWE-Bench__typescript__maintenance__bugfix__6a14056a,vuejs__core-11517,typescript,pass,1.0,1.0,4.0,25712,0,,b74687c0bbc0083513a1f5da3a2995cfb5f48246
Poly,SWE-PolyBench__typescript__maintenance__bugfix__2487b02a,microsoft__vscode-177084,mixed,pass,2.0,2.0,6.0,826.0,0,,384b03f26310fc3c4ea86156b7c6aefb431d594f
Poly,SWE-PolyBench__typescript__maintenance__bugfix__2bb4ea7a,mui__material-ui-11451,mixed,pass,1.0,3.0,10.0,405.0,0,,04fae47c2a876f38aacfae866d220ddcbb7358ef
Multi,Multi-SWE-Bench__typescript__maintenance__bugfix__b8bf59e7,mui__material-ui-30374,typescript,pass,1.0,1.0,16.0,60360,5,,f22b27378ee98df1d8b300b1f6d639cdbb2c4929
Multi,Multi-SWE-Bench__rust__maintenance__bugfix__ae8b362a,clap-rs__clap-1869,rust,pass,1.0,1.0,6.0,27439,1,,deb14c853740ebc82feb12a9af61c30726627622
Multi,Multi-SWE-Bench__c__maintenance__bugfix__1e842312,ponylang__ponyc-2201,c,pass,1.0,1.0,11.0,52690,0,,f00f95b30dd68c7faaff0aa88508c218bc19f02b
Poly,SWE-PolyBench__typescript__evolution__feature__d520ba22,mui__material-ui-28813,mixed,pass,3.0,6.0,28.0,3657.0,0,,182d4dc7726f6d77f0ca3863ca6fcdf9eec23a23
Poly,SWE-PolyBench__javascript__maintenance__bugfix__108b2d38,prettier__prettier-14400,mixed,pass,1.0,1.0,1.0,208.0,0,,6905b39ec7bc6ed38732e26ceced5b57677e2600
Poly,SWE-PolyBench__javascript__maintenance__bugfix__eb1411ba,sveltejs__svelte-2185,mixed,pass,1.0,1.0,3.0,296.0,0,,ea88317f84adb780075b8a689cf664249b09b42c
Poly,SWE-PolyBench__javascript__maintenance__bugfix__c6d3e230,sveltejs__svelte-3305,mixed,pass,1.0,2.0,4.0,484.0,0,,b99ee7d5d177f4fb42b5821d63993248833ee48a
Poly,SWE-PolyBench__typescript__maintenance__bugfix__3864c137,mui__material-ui-29023,mixed,pass,3.0,4.0,8.0,1291.0,0,,d11ef0f82f1ef6d62518f0879b674feb9f916d66
Multi,Multi-SWE-Bench__go__maintenance__bugfix__03f04397,cli__cli-8632,go,pass,2.0,7.0,14.0,23864,1,,f015020bcd61caf00d41d4c2dae014be2fb2fc29
Multi,Multi-SWE-Bench__java__maintenance__bugfix__f0db9a27,fasterxml__jackson-core-183,java,pass,1.0,1.0,2.0,25439,28,,ac6d8e22847c19b2695cbd7d1f418e07a9a3dbb2
Poly,SWE-PolyBench__javascript__maintenance__bugfix__11e78a8d,sveltejs__svelte-3314,mixed,pass,1.0,2.0,4.0,389.0,0,,dbf503b9e1ed2f4cdebb134b8f2125f67d3d8b86
Multi,Multi-SWE-Bench__javascript__maintenance__bugfix__cbea412a,expressjs__express-3870,javascript,pass,1.0,2.0,6.0,39840,10,,dc538f6e810bd462c98ee7e6aae24c64d4b1da93
Multi,Multi-SWE-Bench__typescript__maintenance__bugfix__05c53458,mui__material-ui-29898,typescript,pass,1.0,5.0,10.0,28026,0,,38ac830eedf60a2a40983d71cb4dd64e8f1abf4e
Multi,Multi-SWE-Bench__javascript__maintenance__bugfix__b31d2f53,iamkun__dayjs-1725,javascript,pass,1.0,1.0,3.0,19696,14,,5a108ff3159c53fd270ea7638f33c35c934d6457
Poly,SWE-PolyBench__typescript__maintenance__bugfix__7827bc22,mui__material-ui-26061,mixed,pass,1.0,2.0,67.0,1465.0,0,,5a983eadb806ba095de2a2754b208d470e3f55e7
Multi,Multi-SWE-Bench__go__maintenance__bugfix__eb5704a5,cli__cli-513,go,pass,1.0,1.0,2.0,27475,15,,cc96ddd5514c04ee90fff11c840aad68af9fada3
Multi,Multi-SWE-Bench__javascript__maintenance__bugfix__87d9772c,iamkun__dayjs-938,javascript,pass,1.0,3.0,29.0,18571,2,,72cdb20552dd5af6c2295bf52075ba19cceb000f
Poly,SWE-PolyBench__javascript__maintenance__bugfix__2d7a3934,prettier__prettier-3515,mixed,pass,1.0,3.0,14.0,3742.0,0,,d1c97b362219d62669145bb6bdd66a4be5423257
Poly,SWE-PolyBench__typescript__maintenance__bugfix__1de1bd3c,mui__material-ui-18683,mixed,pass,1.0,4.0,8.0,751.0,0,,dfe2779b8b6499ccd1922990ac9178d84e02f8b6
Poly,SWE-PolyBench__javascript__maintenance__bugfix__9ca0e415,sveltejs__svelte-3403,mixed,pass,1.0,1.0,7.0,189.0,0,,4f26363fe0af69b85b84d3c2d9e5d4fe5dc249d6
Poly,SWE-PolyBench__typescript__maintenance__bugfix__48e5846a,mui__material-ui-23229,mixed,pass,3.0,6.0,18.0,2563.0,0,,56520e757e0052e25f8dd5d78214458c4b7c634d
Poly,SWE-PolyBench__typescript__evolution__feature__34826a6a,mui__material-ui-26807,mixed,pass,4.0,6.0,21.0,4541.0,0,,567e6cf97dce71eba9370e8c13519d206a98ffd2
Multi,Multi-SWE-Bench__rust__maintenance__bugfix__c363219b,BurntSushi__ripgrep-1367,rust,pass,1.0,1.0,15.0,39645,7,,4858267f3b97fe2823d2ce104c1f90ec93eee8d7
Multi,Multi-SWE-Bench__rust__maintenance__bugfix__c9cd2b2c,clap-rs__clap-2529,rust,pass,1.0,1.0,2.0,12851,19,,e3bfa50e8f451b31a00d99147d608607521419a3
Poly,SWE-PolyBench__javascript__maintenance__bugfix__27e1903f,sveltejs__svelte-5875,mixed,pass,1.0,1.0,3.0,158.0,0,,8180c5dd6c6278f88a5ac82aecc3a2d1a5572c51
Multi,Multi-SWE-Bench__cpp__maintenance__bugfix__8ebb764e,fmtlib__fmt-2394,cpp,pass,1.0,1.0,14.0,17449,0,,cfc05e05f08dc0b6fe619831c96f00ee27d99613
Poly,SWE-PolyBench__typescript__maintenance__bugfix__678fa217,mui__material-ui-28186,mixed,pass,1.0,3.0,9.0,601.0,0,,f588d8fdf63b8558e26cfa288f20ff400140ed6c
Poly,SWE-PolyBench__javascript__maintenance__bugfix__d1cb6b19,sveltejs__svelte-1923,mixed,pass,1.0,1.0,2.0,268.0,0,,ff2a21e63ad243c6e19a7ac84e69021d3a788a9e
Multi,Multi-SWE-Bench__javascript__maintenance__bugfix__2d9d9f71,iamkun__dayjs-1414,javascript,pass,1.0,1.0,2.0,7146,1,,b1abdc40ee6c9d18ff46c311a114e0755677ea6f
Multi,Multi-SWE-Bench__c__maintenance__bugfix__cdbc5890,jqlang__jq-2919,c,pass,1.0,2.0,5.0,20030,10,,7f547827e47b5ade563a293329deb4226496d72f
Multi,Multi-SWE-Bench__java__maintenance__bugfix__ef567ef1,alibaba__fastjson2-2559,java,pass,1.0,1.0,6.0,53773,10,,45cc6b34343bc133a03c632d6c9dd4a2d895e2e9
Multi,Multi-SWE-Bench__c__maintenance__bugfix__f9bb5442,facebook__zstd-1243,c,pass,1.0,1.0,2.0,36011,0,,df09d4318f0f4f06d76c1e288732f5f9b1d9f59a
Multi,Multi-SWE-Bench__cpp__maintenance__bugfix__3e497d27,fmtlib__fmt-4286,cpp,pass,2.0,3.0,12.0,35207,0,,e3ddede6c4ee818825c4e5a6dfa1d384860c27d9
Poly,SWE-PolyBench__javascript__maintenance__bugfix__463d4713,prettier__prettier-3723,mixed,pass,1.0,1.0,7.0,177.0,0,,bef646d4a4d2df9a7e1e06ea5dd28380475f624c
Multi,Multi-SWE-Bench__c__maintenance__bugfix__49f4a0f4,jqlang__jq-2654,c,pass,1.0,1.0,2.0,53031,4,,c077b95ba2dcaafee39e302cc086bf99fa9248d0
Multi,Multi-SWE-Bench__rust__maintenance__bugfix__bdc6ab14,clap-rs__clap-2534,rust,pass,1.0,3.0,17.0,21106,5,,33c305ea6ff6cdda7796e57966374cb40633968f
Multi,Multi-SWE-Bench__c__maintenance__bugfix__1ac60ce9,ponylang__ponyc-2247,c,pass,1.0,1.0,9.0,37589,3,,9e26f0ac4b65462fda4cadbb80cc2fa53e3042b3
Poly,SWE-PolyBench__typescript__maintenance__bugfix__7dfdbbd1,mui__material-ui-19849,mixed,pass,1.0,2.0,8.0,890.0,0,,436e461dfd368cd460f23b0cb6ca389f26045d56
Poly,SWE-PolyBench__javascript__maintenance__bugfix__9b08d665,prettier__prettier-12930,mixed,pass,1.0,1.0,7.0,163.0,0,,3147244f55e6e0aafd2cc6fa5875f7c8cfa8e4e3
Multi,Multi-SWE-Bench__typescript__maintenance__bugfix__04c51be7,vuejs__core-10004,typescript,pass,1.0,2.0,10.0,36747,0,,0275dd329d241bdd84ce3ca0c7fc07211cb21751
Multi,Multi-SWE-Bench__rust__maintenance__bugfix__0e4346f7,clap-rs__clap-2895,rust,pass,1.0,1.0,2.0,42552,3,,6eacd8a7476e352d590c1bfae4b983e9eafae2b3
Poly,SWE-PolyBench__typescript__maintenance__bugfix__6688f2d9,mui__material-ui-42412,mixed,pass,1.0,1.0,4.0,170.0,0,,b8a28e13dc0821314700f1aefc9f8e1134cf9034
Poly,SWE-PolyBench__typescript__evolution__feature__07098661,mui__material-ui-12236,mixed,pass,4.0,7.0,17.0,1050.0,0,,18aa6293ad8b67dc8a323db19117c93efa966c7c
Poly,SWE-PolyBench__typescript__maintenance__bugfix__18d389e5,mui__material-ui-15359,mixed,pass,1.0,2.0,5.0,526.0,0,,13ac4ce9239e9e3e1fdb902e3f25ad56b3497fe9
Multi,Multi-SWE-Bench__c__maintenance__bugfix__6b844996,facebook__zstd-1390,c,pass,1.0,1.0,1.0,42977,5,,e26126cacaa9ac6f1db4021ac3d32f4ac8387c50
Multi,Multi-SWE-Bench__java__maintenance__bugfix__8b7cc5e0,alibaba__fastjson2-2775,java,pass,1.0,1.0,20.0,37389,6,,12b40c7ba3e7c30e35977195770c80beb34715c5
Multi,Multi-SWE-Bench__go__maintenance__bugfix__52c152ba,cli__cli-6122,go,pass,1.0,1.0,9.0,9269,8,,1f488f4d5496e176300614b7bd9ded02c8572ec3
Poly,SWE-PolyBench__javascript__maintenance__bugfix__21086305,prettier__prettier-11000,mixed,pass,1.0,1.0,2.0,279.0,0,,c8133f8afabbfa0b6a8f88da8a37c8e79d9f5671
Multi,Multi-SWE-Bench__go__maintenance__bugfix__cedbb0cb,cli__cli-495,go,pass,1.0,1.0,12.0,34115,12,,02b4ab5be3d3c0002876a8be65186c0cc8f2a024
Poly,SWE-PolyBench__typescript__maintenance__bugfix__15589352,mui__material-ui-34610,mixed,pass,1.0,2.0,5.0,440.0,0,,1e09429e1804ddd7505fe78f3d606e24e98aa16f
Multi,Multi-SWE-Bench__typescript__maintenance__bugfix__6a53360d,vuejs__core-9213,typescript,pass,1.0,1.0,2.0,53811,1,,dadb3632a0f824f6e6a1c246ed8788bea5cbcad6
Poly,SWE-PolyBench__javascript__maintenance__bugfix__0f1fd789,serverless__serverless-5775,mixed,pass,1.0,1.0,2.0,182.0,0,,8c53de83bf62a4e1f66821e0321abb996880b5bd
Poly,SWE-PolyBench__typescript__maintenance__bugfix__16d1ff7a,microsoft__vscode-153857,mixed,pass,1.0,1.0,8.0,977.0,0,,88ffbc7a7a81a926c7969ad7428e2ffc54370f42
Multi,Multi-SWE-Bench__go__maintenance__bugfix__0e3febd0,cli__cli-4676,go,pass,1.0,1.0,2.0,21571,0,,3a4d947603603f5dea742442d32bc131e9786d25
Poly,SWE-PolyBench__javascript__maintenance__bugfix__b9ce6a70,sveltejs__svelte-3151,mixed,pass,1.0,1.0,6.0,113.0,0,,f341befacb92d821424889dfefbdccedc881bfe5
Multi,Multi-SWE-Bench__c__maintenance__bugfix__b9b45262,facebook__zstd-637,c,pass,1.0,1.0,3.0,34705,7,,e8e1e13d4fcd6495ba17fb0eafa414d5df7c00b6
Multi,Multi-SWE-Bench__go__maintenance__bugfix__3e2d031f,cli__cli-6706,go,pass,1.0,2.0,2.0,49085,6,,23913ac371bacc6af51309d85ca4e289d88af132
Multi,Multi-SWE-Bench__go__maintenance__bugfix__0b78ed50,cli__cli-2466,go,pass,1.0,1.0,2.0,32061,9,,504cfbc654b39b994895d69f792859e69fa2589c
Multi,Multi-SWE-Bench__c__maintenance__bugfix__5e659108,ponylang__ponyc-2261,c,pass,1.0,2.0,23.0,32101,0,,682b45d3abd7b24381bfc56423da85c3527785c7
Multi,Multi-SWE-Bench__typescript__maintenance__bugfix__9907b12d,mui__material-ui-36088,typescript,pass,1.0,1.0,5.0,50290,2,,b1d2e8d375be4f2a238fe7bce81ad2bf5cb68ad1
Multi,Multi-SWE-Bench__typescript__maintenance__bugfix__8d0f55cd,mui__material-ui-34159,typescript,pass,1.0,1.0,2.0,17498,2,,43a929dda5a0776bcc05f4624a5648441d44c7b2
Multi,Multi-SWE-Bench__typescript__maintenance__bugfix__a7aba10f,mui__material-ui-39196,typescript,pass,1.0,1.0,19.0,36237,4,,75404f9ff09965be1bd7c9ed27154fd7536edde1
Verified,SWE-Bench-Verified__python__maintenance__bugfix__60b000ec,django__django-16950,python,fail,1.0,1.0,8.0,322.0,18,,f64fd47a7627ed6ffe2df2a32ded6ee528a784eb
Pro,SWE-Bench-Pro__python__maintenance__bugfix__5b2cf9bb,instance_ansible__ansible-d58e69c82d7edd0583dd8e78d76b075c33c3151e-v173091e2e36d38c978002990795f66cfc0af30ad,mixed,fail,1.0,4.0,70.0,8956.0,0,,a6e671db25381ed111bbad0ab3e7d97366395d05
Verified,SWE-Bench-Verified__python__maintenance__bugfix__83fd3b37,sphinx-doc__sphinx-8265,python,fail,1.0,1.0,2.0,510.0,13,,b428cd2404675475a5c3dc2a2b0790ba57676202
Verified,SWE-Bench-Verified__python__maintenance__bugfix__67699b64,matplotlib__matplotlib-23299,python,fail,1.0,2.0,9.0,252.0,6,,3eadeacc06c9f2ddcdac6ae39819faa9fbee9e39
Verified,SWE-Bench-Verified__python__maintenance__bugfix__61a7a81e,django__django-12663,python,fail,1.0,1.0,3.0,239.0,52,,fa5e7e46d875d4143510944f19d79df7b1739bab
Verified,SWE-Bench-Verified__python__maintenance__bugfix__fb07ed8b,django__django-15382,python,fail,1.0,1.0,4.0,404.0,74,,770d3e6a4ce8e0a91a9e27156036c1985e74d4a3
Pro,SWE-Bench-Pro__python__maintenance__bugfix__5ec14acf,instance_ansible__ansible-7e1a347695c7987ae56ef1b6919156d9254010ad-v390e508d27db7a51eece36bb6d9698b63a5b638a,mixed,fail,2.0,4.0,15.0,0.0,0,,20ec92728004bc94729ffc08cbc483b7496c0c1f
Verified,SWE-Bench-Verified__python__maintenance__bugfix__ebf021d0,django__django-16263,python,fail,3.0,8.0,34.0,4895.0,0,,321ecb40f4da842926e1bc07e11df4aabe53ca4b
Verified,SWE-Bench-Verified__python__maintenance__bugfix__afcc47be,django__django-16032,python,fail,1.0,1.0,6.0,1395.6666666666667,63,,0c3981eb5094419fe200eb46c71b5376a2266166
Pro,SWE-Bench-Pro__python__maintenance__bugfix__462b957d,instance_ansible__ansible-942424e10b2095a173dbd78e7128f52f7995849b-v30a923fb5c164d6cd18280c02422f75e611e8fb2,mixed,fail,1.0,2.0,28.0,6074.0,0,,dd44449b6ec454a46426a020608fe3763287101f
Verified,SWE-Bench-Verified__python__maintenance__bugfix__af69d880,sympy__sympy-22080,python,fail,1.5,2.0,2.5,590.8,2,,3f8c8c2377cb8e0daaf8073e8d03ac7d87580813
Verified,SWE-Bench-Verified__python__maintenance__bugfix__ec6fdd6e,scikit-learn__scikit-learn-25747,python,fail,1.0,2.0,28.0,402.0,14,,2c867b8f822eb7a684f0d5c4359e4426e1c9cfe0
Poly,SWE-PolyBench__python__maintenance__bugfix__37455515,yt-dlp__yt-dlp-5933,mixed,fail,4.0,10.0,31.0,7039.0,0,,f079514957401f49db30ec4cd25f8c8246b0c1de
Verified,SWE-Bench-Verified__python__maintenance__bugfix__994d041f,django__django-14792,python,fail,1.0,1.0,16.0,137.0,1,,d89f976bddb49fb168334960acc8979c3de991fa
Pro,SWE-Bench-Pro__python__maintenance__bugfix__c1f435de,instance_qutebrowser__qutebrowser-f8e7fea0becae25ae20606f1422068137189fe9e,mixed,fail,4.0,7.0,28.0,1941.0,0,,a6171337f956048daa8e72745b755a40b607a4f4
Verified,SWE-Bench-Verified__python__maintenance__bugfix__e5236b5f,pytest-dev__pytest-10356,python,fail,1.0,2.0,30.0,629.0,0,,3c1534944cbd34e8a41bc9e76818018fadefc9a1
Poly,SWE-PolyBench__python__evolution__feature__7fe6d907,huggingface__transformers-27463,mixed,fail,2.0,7.0,69.0,7777.0,0,,3cefac1d974db5e2825a0cb2b842883a628be7a0
Verified,SWE-Bench-Verified__python__maintenance__bugfix__2e3d6eae,django__django-15252,python,fail,1.0,1.0,34.0,291.0,1,,361bb8f786f112ee275be136795c0b1ecefff928
Poly,SWE-PolyBench__python__maintenance__bugfix__b110ef6c,keras-team__keras-19924,mixed,fail,1.0,5.0,24.0,2126.0,0,,a2e9a5252d2eab389bd19d359e6e7325a8232c79
Poly,SWE-PolyBench__python__evolution__feature__ebb79d55,huggingface__transformers-20136,mixed,fail,3.0,6.0,115.0,14647.0,0,,fda125638f53febc059cb67f9d7abce058a8f44f
Pro,SWE-Bench-Pro__python__maintenance__bugfix__450d75e0,instance_ansible__ansible-709484969c8a4ffd74b839a673431a8c5caa6457-vba6da65a0f3baefda7a058ebbd0a8dcafb8512f5,mixed,fail,2.0,4.0,44.0,1789.0,0,,35809806d3ab5d66fbb9696dc6a0009383e50673
Verified,SWE-Bench-Verified__python__maintenance__bugfix__bebfd692,matplotlib__matplotlib-14623,python,fail,3.0,6.0,53.0,1914.6666666666667,54,,d65c9ca20ddf81ef91199e6d819f9d3506ef477c
Poly,SWE-PolyBench__python__evolution__feature__66f97093,huggingface__transformers-29688,mixed,fail,1.0,12.0,120.0,7821.0,0,,f4dc26d46687f5f4baf3fe64a1d87cafefbeec53
Pro,SWE-Bench-Pro__python__maintenance__bugfix__d9d9c3a6,instance_internetarchive__openlibrary-77c16d530b4d5c0f33d68bead2c6b329aee9b996-ve8c8d62a2b60610a3c4631f5f23ed866bada9818,mixed,fail,7.0,10.5,140.0,4094.0,0,,80f511d3344a1f9743ff6efb0a2bdf0051529e3a
Poly,SWE-PolyBench__python__maintenance__bugfix__31f7341a,keras-team__keras-19838,mixed,fail,1.0,1.0,5.0,207.0,0,,26abe697a8802de40cb2761fc98b843fe1b2d5f6
Pro,SWE-Bench-Pro__python__maintenance__bugfix__20f502e0,instance_qutebrowser__qutebrowser-de4a1c1a2839b5b49c3d4ce21d39de48d24e2091-v2ef375ac784985212b1805e1d0431dc8f1b3c171,mixed,fail,3.0,6.0,261.0,10869.0,0,,6e7bb038fdab304eb3b93dfbb57a49a48ccca287
Verified,SWE-Bench-Verified__python__maintenance__bugfix__f3695f8d,django__django-15563,python,fail,2.0,3.0,39.0,949.0,15,,9ffd4eae2ce7a7100c98f681e2b6ab818df384a4
Pro,SWE-Bench-Pro__python__maintenance__bugfix__7c4a11fb,instance_ansible__ansible-b5e0293645570f3f404ad1dbbe5f006956ada0df-v0f01c69f1e2528b935359cfe578530722bca2c59,mixed,fail,1.0,2.0,49.0,1351.0,0,,9b0d2decb24b5ef08ba3e27e4ab18dcf10afbbc4
Poly,SWE-PolyBench__python__evolution__feature__8bb50331,huggingface__transformers-13989,mixed,fail,3.0,8.0,99.0,3432.0,0,,408b2d2bd08f667cf4154730cc323c4e49657eed
Poly,SWE-PolyBench__python__maintenance__bugfix__91e6ed53,huggingface__transformers-21969,mixed,fail,1.0,2.0,22.0,781.0,0,,0bb17295f04e565c94a79960ff7f7b6cd03acbfc
Pro,SWE-Bench-Pro__python__maintenance__bugfix__e6efdd87,instance_ansible__ansible-cb94c0cc550df9e98f1247bc71d8c2b861c75049-v1055803c3a812189a1133297f7f5468579283f86,mixed,fail,4.0,10.0,22.0,3081.0,0,,96c19724394a32b9d3c596966be2f46e478681f8
Poly,SWE-PolyBench__python__maintenance__bugfix__ac5893a5,huggingface__transformers-22458,mixed,fail,1.0,1.0,2.0,1869.0,0,,cd73b9a8c140fb74cd93187f5c3d380cfc308023
Verified,SWE-Bench-Verified__python__maintenance__bugfix__8c647f3a,sphinx-doc__sphinx-9602,python,fail,1.0,3.0,26.0,838.0,7,,6c38f68dae221e8cfc70c137974b8b88bd3baaab
Verified,SWE-Bench-Verified__python__maintenance__bugfix__914c325d,django__django-16631,python,fail,2.0,3.0,24.0,826.0,0,,9b224579875e30203d079cc2fee83b116d98eb78
Pro,SWE-Bench-Pro__python__maintenance__bugfix__cf01f471,instance_ansible__ansible-9142be2f6cabbe6597c9254c5bb9186d17036d55-v0f01c69f1e2528b935359cfe578530722bca2c59,mixed,fail,1.0,6.0,39.0,3172.0,0,,7fff4086523678f3c6533da4c500f86f6fb47efa
Poly,SWE-PolyBench__python__maintenance__bugfix__5518cb7f,huggingface__transformers-13865,mixed,fail,1.0,2.0,6.0,1180.0,0,,3a8de58c5192b620228128430ea52e6eda81c40a
Pro,SWE-Bench-Pro__python__maintenance__bugfix__942d0b14,instance_ansible__ansible-4c5ce5a1a9e79a845aff4978cfeb72a0d4ecf7d6-v1055803c3a812189a1133297f7f5468579283f86,mixed,fail,9.5,25.5,154.5,11015.5,0,,8a175f59c939ca29ad56f3fa9edbc37a8656879a
Verified,SWE-Bench-Verified__python__maintenance__bugfix__07bafddd,scikit-learn__scikit-learn-26323,python,fail,1.0,2.0,26.0,322.0,95,,586f4318ffcdfbd9a1093f35ad43e81983740b66
Pro,SWE-Bench-Pro__python__maintenance__bugfix__6ebb54dc,instance_ansible__ansible-bec27fb4c0a40c5f8bbcf26a475704227d65ee73-v30a923fb5c164d6cd18280c02422f75e611e8fb2,mixed,fail,2.0,10.0,39.0,23848.0,0,,6d34eb88d95c02013d781a29dfffaaf2901cd81f
Verified,SWE-Bench-Verified__python__maintenance__bugfix__1409977d,pylint-dev__pylint-4604,python,fail,2.0,3.0,14.0,493.0,0,,1e55ae64624d28c5fe8b63ad7979880ee2e6ef3f
Pro,SWE-Bench-Pro__python__maintenance__bugfix__18d7bbbc,instance_ansible__ansible-6cc97447aac5816745278f3735af128afb255c81-v0f01c69f1e2528b935359cfe578530722bca2c59,mixed,fail,7.0,14.0,64.0,5665.0,0,,e094d48b1bdd93cbc189f416543e810c19b2e561
Verified,SWE-Bench-Verified__python__maintenance__bugfix__5c1509d5,django__django-15695,python,fail,1.0,1.0,4.0,314.0,10,,647480166bfe7532e8c471fef0146e3a17e6c0c9
Verified,SWE-Bench-Verified__python__maintenance__bugfix__abfdb2c5,django__django-13195,python,fail,2.25,2.25,16.5,1049.7142857142858,2,,156a2138db20abc89933121e4ff2ee2ce56a173a
Verified,SWE-Bench-Verified__python__maintenance__bugfix__497deb6f,django__django-12406,python,fail,2.0,3.0,5.0,1297.2,0,,335c9c94acf263901fb023404408880245b0c4b4
Pro,SWE-Bench-Pro__python__maintenance__bugfix__b9f9961f,instance_ansible__ansible-949c503f2ef4b2c5d668af0492a5c0db1ab86140-v0f01c69f1e2528b935359cfe578530722bca2c59,mixed,fail,1.0,6.5,181.0,10778.0,0,,375d3889de9f437bc120ade623c170198629375d
Poly,SWE-PolyBench__python__maintenance__bugfix__016ce55c,huggingface__transformers-22920,mixed,fail,1.0,2.0,20.0,1346.0,0,,1e1cb6f8e5af1c592ed7d6ca035b0e07297e52b8
Verified,SWE-Bench-Verified__python__maintenance__bugfix__e989ba2d,psf__requests-6028,python,fail,1.0,1.0,3.0,127.0,4,,0192aac24123735b3eaf9b08df46429bb770c283
Pro,SWE-Bench-Pro__python__maintenance__bugfix__2464eadb,instance_ansible__ansible-77658704217d5f166404fc67997203c25381cb6e-v390e508d27db7a51eece36bb6d9698b63a5b638a,mixed,fail,1.0,5.0,101.0,1909.0,0,,db2d5b09eff918e981c9e10787a5f2c500d1784f
Verified,SWE-Bench-Verified__python__maintenance__bugfix__982277e4,pytest-dev__pytest-7324,python,fail,1.0,3.0,14.0,518.0,35,,19ad5889353c7f5f2b65cc2acd346b7a9e95dfcd
Pro,SWE-Bench-Pro__python__maintenance__bugfix__36b8c9ee,instance_qutebrowser__qutebrowser-2dd8966fdcf11972062c540b7a787e4d0de8d372-v363c8a7e5ccdf6968fc7ab84a2053ac78036691d,mixed,fail,2.0,4.0,17.0,3454.0,0,,6c653125d95a26db53471dba1bc331aee3b0477e
Pro,SWE-Bench-Pro__python__maintenance__bugfix__64469377,instance_ansible__ansible-83909bfa22573777e3db5688773bda59721962ad-vba6da65a0f3baefda7a058ebbd0a8dcafb8512f5,mixed,fail,6.0,12.0,169.0,10063.0,0,,b6360dc5e068288dcdf9513dba732f1d823d1dfe
Poly,SWE-PolyBench__python__maintenance__bugfix__023915d6,huggingface__transformers-27663,mixed,fail,2.0,3.0,4.0,1111.0,0,,45b70384a7d6692a8304f34a981a5ff020918b82
Pro,SWE-Bench-Pro__python__maintenance__bugfix__5fdd12f6,instance_ansible__ansible-622a493ae03bd5e5cf517d336fc426e9d12208c7-v906c969b551b346ef54a2c0b41e04f632b7b73c2,mixed,fail,1.0,1.0,9.0,0.0,0,,f4502a8f1ce71d88cc90f4b4f6c2899943441ebf
Verified,SWE-Bench-Verified__python__maintenance__bugfix__ee10f0e4,django__django-13513,python,fail,1.0,4.0,14.0,2123.0,0,,6599608c4d0befdcb820ddccce55f183f247ae4f
Pro,SWE-Bench-Pro__python__maintenance__bugfix__fcb506a5,instance_internetarchive__openlibrary-bb152d23c004f3d68986877143bb0f83531fe401-ve8c8d62a2b60610a3c4631f5f23ed866bada9818,mixed,fail,4.0,10.0,83.0,9403.0,0,,a6145ca7f3579a5d2e3a880db2f365782f459087
Poly,SWE-PolyBench__python__maintenance__bugfix__9a72b241,huggingface__transformers-5122,mixed,fail,1.0,1.0,2.0,528.0,0,,ca2d0f98c4a89d50b79ddb06b59b6bffc31ff137
Poly,SWE-PolyBench__python__evolution__feature__17a093c8,huggingface__transformers-19590,mixed,fail,1.0,4.0,30.0,1035.0,0,,3d320c78c32334f66d72d57ff6322d9e3a7dc00b
Pro,SWE-Bench-Pro__python__maintenance__bugfix__84fdadf0,instance_ansible__ansible-bf98f031f3f5af31a2d78dc2f0a58fe92ebae0bb-v1055803c3a812189a1133297f7f5468579283f86,mixed,fail,3.0,7.0,101.0,2052.0,0,,17332532973343248297e3d3c746738d1f3b2f56
Verified,SWE-Bench-Verified__python__maintenance__bugfix__01527b89,django__django-14351,python,fail,1.0,1.0,6.0,178.0,47,,06fd4df41afb5aa1d681b853c3c08d8c688ca3a5
Poly,SWE-PolyBench__python__maintenance__bugfix__ed58622a,Significant-Gravitas__AutoGPT-4652,mixed,fail,1.0,3.0,33.0,1101.0,0,,9150f32f8b8602395534795ddd2d930a1684e419
Pro,SWE-Bench-Pro__python__maintenance__bugfix__95b4abc1,instance_internetarchive__openlibrary-d109cc7e6e161170391f98f9a6fa1d02534c18e4-ve8c8d62a2b60610a3c4631f5f23ed866bada9818,mixed,fail,7.0,24.5,127.0,19461.0,0,,daf93507208f2206f8950e3bb5fffac7caf80520
Pro,SWE-Bench-Pro__python__maintenance__bugfix__53ca6a30,instance_internetarchive__openlibrary-8a5a63af6e0be406aa6c8c9b6d5f28b2f1b6af5a-v0f5aece3601a5b4419f7ccec1dbda2071be28ee4,mixed,fail,4.0,9.0,31.0,1972.0,0,,9d9f3a19983876522bcfd17c9079c46a17986cb3
Verified,SWE-Bench-Verified__python__maintenance__bugfix__83a70168,sympy__sympy-16597,python,fail,3.0,6.0,30.0,6121.0,0,,6fd65310fa3167b9626c38a5487e171ca407d988
Pro,SWE-Bench-Pro__python__maintenance__bugfix__62badbbf,instance_ansible__ansible-a7d2a4e03209cff1e97e59fd54bb2b05fdbdbec6-v0f01c69f1e2528b935359cfe578530722bca2c59,mixed,fail,3.0,9.0,30.0,2421.0,0,,38067860e271ce2f68d6d5d743d70286e5209623
Pro,SWE-Bench-Pro__python__maintenance__bugfix__71253eae,instance_qutebrowser__qutebrowser-fd6790fe8c02b144ab2464f1fc8ab3d02ce3c476-v2ef375ac784985212b1805e1d0431dc8f1b3c171,mixed,fail,5.0,8.0,18.0,6279.0,0,,487f90443cd1bf66bf2368b7a5c004f4e1b27777
Poly,SWE-PolyBench__python__evolution__refactor__57ad5598,keras-team__keras-18871,mixed,fail,2.0,4.0,63.0,4456.0,0,,10252a9e7d68c6818423deee1c4c8549038e4171
Pro,SWE-Bench-Pro__python__maintenance__bugfix__739b23db,instance_ansible__ansible-1b70260d5aa2f6c9782fd2b848e8d16566e50d85-vba6da65a0f3baefda7a058ebbd0a8dcafb8512f5,mixed,fail,1.0,2.0,41.0,5405.0,0,,252685092cacdd0f8b485ed6f105ec7acc29c7a4
Verified,SWE-Bench-Verified__python__maintenance__bugfix__8f9e4358,django__django-16454,python,fail,1.0,2.0,3.0,226.0,29,,1250483ebf73f7a82ff820b94092c63ce4238264
Verified,SWE-Bench-Verified__python__maintenance__bugfix__3b4c72f1,sympy__sympy-13852,python,fail,1.0,4.0,10.0,1125.0,0,,c935e1d106743efd5bf0705fbeedbd18fadff4dc
Verified,SWE-Bench-Verified__python__maintenance__bugfix__2d5d4dcd,django__django-11400,python,fail,3.0,4.0,22.0,1455.0,0,,1f8382d34d54061eddc41df6994e20ee38c60907
Verified,SWE-Bench-Verified__python__maintenance__bugfix__e97ac668,django__django-11790,python,fail,1.0,1.0,5.0,368.0,26,,b1d6b35e146aea83b171c1b921178bbaae2795ed
Verified,SWE-Bench-Verified__python__maintenance__bugfix__30065f19,sphinx-doc__sphinx-9461,python,fail,3.0,7.0,62.0,1779.4,0,,939c7bb7ff7c53a4d27df067cea637540f0e1dad
Poly,SWE-PolyBench__python__evolution__feature__9e2901b5,langchain-ai__langchain-19331,mixed,fail,1.0,8.0,40.0,4311.0,0,,5fc7bb01e9d6398452d0a7b4a50ce234408ca99c
Verified,SWE-Bench-Verified__python__maintenance__bugfix__da598baa,pylint-dev__pylint-8898,python,fail,3.0,5.0,22.0,793.0,9,,1f8c4d9eb185c16a2c1d881c054f015e1c2eb334
Verified,SWE-Bench-Verified__python__maintenance__bugfix__5555e84c,django__django-13023,python,fail,1.0,1.0,2.0,286.0,55,,f83b44075dafa429d59e8755aa47e15577cc49f9
Multi,Multi-SWE-Bench__javascript__maintenance__bugfix__01d1908e,sveltejs__svelte-12098,javascript,fail,1.0,1.0,3.0,23751,2,,97e5b5285adf05933bdc5cb047cf9df0db832a2e
Multi,Multi-SWE-Bench__go__maintenance__bugfix__74cafcca,grpc__grpc-go-2996,go,fail,1.0,3.0,9.0,29433,19,,45bd2846a34b039c5f1e69b7202f118687156b34
Multi,Multi-SWE-Bench__javascript__maintenance__bugfix__3d4cfa9c,sveltejs__svelte-14276,javascript,fail,1.0,1.0,2.0,38617,1,,36ece1c38114a7d1b4177829f76201eaeef7a6f4
Multi,Multi-SWE-Bench__cpp__maintenance__bugfix__1ec2c84a,fmtlib__fmt-1663,cpp,fail,0,0,0,35318,0,,8d9d528bf52c60864802844e8acf16db09dae19a
Poly,SWE-PolyBench__typescript__maintenance__bugfix__708894b2,microsoft__vscode-110094,mixed,fail,1.0,2.0,23.0,6934.0,0,,8c76afad6ccf861d1ea08df4bb9f83839e0e0cd0
Multi,Multi-SWE-Bench__java__maintenance__bugfix__2bd87230,fasterxml__jackson-databind-3701,java,fail,1.0,1.0,2.0,83374,21,,dd733c4c5c48e49c4ee7f0bebce3ff939d0bcf03
Multi,Multi-SWE-Bench__c__maintenance__bugfix__8bffb1b1,facebook__zstd-1105,c,fail,3.0,3.0,12.0,48380,0,,04212178b50131ecbbf7bc2ffcce4d5ddcfd8e11
Multi,Multi-SWE-Bench__cpp__maintenance__bugfix__7c9ef76c,nlohmann__json-3601,cpp,fail,1.0,1.0,8.0,20607,0,,2d48a4d9c5e8f0a5ce914922eb2a45dc0ec93ee3
Poly,SWE-PolyBench__typescript__maintenance__bugfix__6659fd5a,mui__material-ui-19072,mixed,fail,1.0,1.0,4.0,871.0,0,,e1705939cb75496958ee2eb34a8bfbe67aff3808
Poly,SWE-PolyBench__typescript__evolution__feature__684a3415,mui__material-ui-11987,mixed,fail,5.0,9.0,28.0,2990.0,0,,09896d42e6206984a54272cc2059c49a7aa9d54f
Multi,Multi-SWE-Bench__rust__maintenance__bugfix__1b6e3d94,rayon-rs__rayon-986,rust,fail,1.0,1.0,22.0,8355,9,,2de810e97d5ce832ff98023a4a9cf215a86244ea
Multi,Multi-SWE-Bench__java__maintenance__bugfix__92782c7b,elastic__logstash-14970,java,fail,1.0,1.0,10.0,54029,7,,5e3038a3d3fd3b5792f64d7bb0ed39538f1a5a5c
Pro,SWE-Bench-Pro__go__maintenance__bugfix__6efcf999,instance_flipt-io__flipt-3d5a345f94c2adc8a0eaa102c189c08ad4c0f8e8,mixed,fail,7.0,10.0,97.0,6381.0,0,,91cc1b9fc38280a53a36e1e9543d87d7306144b2
Multi,Multi-SWE-Bench__cpp__maintenance__bugfix__bca55dea,simdjson__simdjson-1695,cpp,fail,2.0,2.0,10.0,73743,0,,35158257c6e79d908723f1a7023362a718579c4f
Multi,Multi-SWE-Bench__java__maintenance__bugfix__07d7817b,fasterxml__jackson-databind-4469,java,fail,0,0,0,36890,2,,7c9e7c1e2acd9c55926b9d2592fc65234d9c3ff7
Multi,Multi-SWE-Bench__cpp__maintenance__bugfix__6a4e21e9,nlohmann__json-2989,cpp,fail,1.0,3.0,11.0,47154,0,,bbdb29c6583e9e68f7f2bdce59a7384f061e0e32
Poly,SWE-PolyBench__typescript__evolution__feature__41cd3842,coder__code-server-4923,mixed,fail,2.0,5.0,86.0,1125.0,0,,78658f1cf48a5e019a82cde937cfa8feed8b986b
Multi,Multi-SWE-Bench__javascript__maintenance__bugfix__98bbaed2,axios__axios-5661,javascript,fail,1.0,1.0,2.0,34756,9,,0abc70564746496eb211bbd951041b4655aec268
Multi,Multi-SWE-Bench__go__maintenance__bugfix__3e92c76b,cli__cli-2351,go,fail,2.0,2.0,9.0,20126,12,,d79eb494d998132f060808e15521cd6a29f1b5fa
Multi,Multi-SWE-Bench__rust__maintenance__bugfix__7acaca55,clap-rs__clap-3179,rust,fail,1.0,2.0,4.0,20169,0,,56ed9981da3a28205efa03a0e4f162359bab1dfe
Multi,Multi-SWE-Bench__java__maintenance__bugfix__be0b5fff,fasterxml__jackson-databind-4050,java,fail,1.0,1.0,2.0,46317,16,,035fba39559386e16a5017060a6047e733b18599
Multi,Multi-SWE-Bench__go__maintenance__bugfix__73631dc4,cli__cli-1457,go,fail,0,0,0,3777,3,,88eaa28aef1f1539abbcb3ce6580cce9122e783a
Multi,Multi-SWE-Bench__rust__maintenance__bugfix__3c69099b,clap-rs__clap-3684,rust,fail,0,0,0,48109,0,,17ec7757891a38965e8492f7a0a48e674a9536eb
Multi,Multi-SWE-Bench__java__maintenance__bugfix__9a3d9d3f,fasterxml__jackson-databind-4015,java,fail,1.0,1.0,244.0,61097,12,,9684204f3073580e711320c3531a95bcaffa63ef
Multi,Multi-SWE-Bench__cpp__maintenance__bugfix__fe080aac,nlohmann__json-4512,cpp,fail,1.0,1.0,7.0,22487,0,,ee32bfc1c263900d5c31cf8a8c5429048719e42a
Multi,Multi-SWE-Bench__typescript__maintenance__bugfix__5aed9f96,mui__material-ui-25149,typescript,fail,2.0,2.0,6.0,51949,0,,fca2ddf44ce5518b82a464cfa806e30f1f973e5c
Multi,Multi-SWE-Bench__go__maintenance__bugfix__1384380d,cli__cli-5648,go,fail,0,0,0,35277,0,,537dcb27398bd193a094d5fcd3aa9bc67a546328
Poly,SWE-PolyBench__javascript__maintenance__bugfix__d6eb75d7,prettier__prettier-459,mixed,fail,1.0,1.0,6.0,235.0,0,,6e68f7495fba705c4d1e58e63efb5a41dea2df7d
Multi,Multi-SWE-Bench__cpp__maintenance__bugfix__41b108ee,simdjson__simdjson-2016,cpp,fail,1.0,1.0,4.0,77300,0,,74bb7b2533af3f063d0794fe3962fb5226c27751
Multi,Multi-SWE-Bench__go__maintenance__bugfix__ed8db47d,zeromicro__go-zero-1969,go,fail,0,0,0,65078,6,,af05219b70c5e18542ebb499b18a1dff6ffacc6d
Multi,Multi-SWE-Bench__typescript__maintenance__bugfix__6cb88b18,mui__material-ui-34401,typescript,fail,5.0,7.0,21.0,44734,0,,d35d22994887bd83517a99cc8125ad97c402223a
Pro,SWE-Bench-Pro__go__maintenance__bugfix__d3c56cc5,instance_navidrome__navidrome-d8e794317f788198227e10fb667e10496b3eb99a,mixed,fail,8.0,11.0,73.0,6202.0,0,,128b626ec9330a7693ec6bbc9788d75eb2ef55e6
Multi,Multi-SWE-Bench__typescript__maintenance__bugfix__73fc043b,mui__material-ui-32626,typescript,fail,1.0,1.0,2.0,4842,9,,414c2ad63dd766587ca1ae786fdf0b879976a242
Multi,Multi-SWE-Bench__c__maintenance__bugfix__7b474035,ponylang__ponyc-3973,c,fail,1.0,3.0,48.0,50989,0,,ca368192917b76bb43e0892d4f14cbdf18e1f7d6
Multi,Multi-SWE-Bench__go__maintenance__bugfix__d129d52f,cli__cli-5396,go,fail,1.0,3.0,6.0,8299,1,,2df3dd4f7dd98e7969e6d9b760f0725aac8a2158
Multi,Multi-SWE-Bench__java__maintenance__bugfix__ec4f6157,fasterxml__jackson-dataformat-xml-638,java,fail,1.0,2.0,48.0,28738,25,,ac00d648e9b424f4b6c4d7aaaa23abf50adc1b5a
Multi,Multi-SWE-Bench__rust__maintenance__bugfix__aa16b8b2,tokio-rs__tracing-2897,rust,fail,0,0,0,51764,6,,908cc432a5994f6e17c8f36e13c217dc40085704
Multi,Multi-SWE-Bench__go__maintenance__bugfix__0f79e39c,cli__cli-2888,go,fail,1.0,2.0,6.0,9188,0,,7e8348a68f96c5983251f89871167797545dbbe0
Multi,Multi-SWE-Bench__c__maintenance__bugfix__0f495035,facebook__zstd-1733,c,fail,1.0,1.0,3.0,44659,0,,a505463710aa34bccafd268c44064c129cdfb3e2
Pro,SWE-Bench-Pro__go__maintenance__bugfix__4df06349,instance_navidrome__navidrome-31799662706fedddf5bcc1a76b50409d1f91d327,mixed,fail,2.0,3.0,16.0,6981.0,0,,537e2fc033b71a4a69190b74f755ebc352bb4196
Multi,Multi-SWE-Bench__go__maintenance__bugfix__3c9b757f,cli__cli-5019,go,fail,1.0,1.0,2.0,20318,1,,6e14426dfb076350796b6f081b27399a5f4be904
Multi,Multi-SWE-Bench__go__maintenance__bugfix__2c512ec3,cli__cli-5698,go,fail,1.0,1.0,3.0,20936,0,,d2683a1370c5f3d97eaa1e4a4a8cfbc32c1293c2
Multi,Multi-SWE-Bench__go__maintenance__bugfix__9e8a151e,cli__cli-8157,go,fail,1.0,1.0,2.0,15261,0,,26f3601a81cbeb3fd5087dfa63775caa04ccc1bc
Pro,SWE-Bench-Pro__javascript__maintenance__bugfix__593287ea,instance_element-hq__element-web-fe14847bb9bb07cab1b9c6c54335ff22ca5e516a-vnan,mixed,fail,4.0,8.5,112.0,3520.0,0,,ad9cbe93994888e8f8ba88ce3614dc041a698930
Multi,Multi-SWE-Bench__c__maintenance__bugfix__a47dfbbf,facebook__zstd-2094,c,fail,0.6666666666666666,1.3333333333333333,23.333333333333332,65524,0,,6b4a3e019f8eeb3423065f7b24d790358e8cbc59
Multi,Multi-SWE-Bench__c__maintenance__bugfix__39769692,ponylang__ponyc-2168,c,fail,1.0,2.0,33.0,20167,0,,ae5fabe6fdf7c99f3e797b85674ded5d52cde7a2
Poly,SWE-PolyBench__typescript__maintenance__bugfix__7d106697,microsoft__vscode-109750,mixed,fail,1.0,1.0,6.0,629.0,0,,cf4b5a703f581944f308b9a6f1e8b386059caef1
Multi,Multi-SWE-Bench__java__maintenance__bugfix__36a08326,fasterxml__jackson-databind-4641,java,fail,1.0,2.0,12.0,24539,5,,3ed7f4572534383e54f9fd0d2521131f64283410
Multi,Multi-SWE-Bench__c__maintenance__bugfix__0f94ce4d,ponylang__ponyc-1124,c,fail,1.0,1.0,9.0,34936,0,,8ae0ecd7dcc1fc483cd964509f4a91ad35419dc3
Poly,SWE-PolyBench__javascript__maintenance__bugfix__1e29a469,sveltejs__svelte-6458,mixed,fail,1.0,1.0,3.0,274.0,0,,b662c7fd41b3b778ea1ae80b0a4d86c239ffcfe7
Multi,Multi-SWE-Bench__javascript__maintenance__bugfix__d33de279,sveltejs__svelte-14007,javascript,fail,1.0,1.0,2.0,18080,1,,777d059b10ded7e0e4af0cfb837c9e00864b3ec2
Multi,Multi-SWE-Bench__rust__maintenance__bugfix__627665a2,clap-rs__clap-2758,rust,fail,1.0,1.0,6.0,53312,0,,c4780e3305b4c2632c7d843511ae7dfe3652a569
Multi,Multi-SWE-Bench__javascript__maintenance__bugfix__bd81816f,sveltejs__svelte-12649,javascript,fail,1.0,1.0,2.0,12934,1,,e417d3a2d281a5ec9b595be5ffbd47efe57b28c3
Pro,SWE-Bench-Pro__javascript__maintenance__bugfix__7b6185af,instance_NodeBB__NodeBB-767973717be700f46f06f3e7f4fc550c63509046-vnan,mixed,fail,9.0,10.5,235.5,5929.0,0,,a2ebf53b6098635c3abcab3fd9144c766e32b350
Pro,SWE-Bench-Pro__go__maintenance__bugfix__40a717e5,instance_flipt-io__flipt-756f00f79ba8abf9fe53f3c6c818123b42eb7355,mixed,fail,5.0,12.0,53.0,4415.0,0,,266e5e143e87519047b9be3202a0aba273b83de3
Multi,Multi-SWE-Bench__go__maintenance__bugfix__85c030cf,cli__cli-1567,go,fail,1.0,2.0,21.0,14002,3,,b9292f582f5553ef860245bb14cac49a308df3af
Multi,Multi-SWE-Bench__java__maintenance__bugfix__1665de74,mockito__mockito-3220,java,fail,0,0,0,34692,0,,a0214364c36c840b259a4e5a0b656378e47d90df
Pro,SWE-Bench-Pro__javascript__maintenance__bugfix__4eb0e647,instance_NodeBB__NodeBB-04998908ba6721d64eba79ae3b65a351dcfbc5b5-vnan,mixed,fail,9.0,14.0,52.0,4772.0,0,,1e137b07052bc3ea0da44ed201702c94055b8ad2
Multi,Multi-SWE-Bench__c__maintenance__bugfix__9a7be8ba,facebook__zstd-1532,c,fail,1.0,2.0,12.0,18367,1,,eb3a7a38270dc2a1f533c1b347f8b9b56e789f8f
Multi,Multi-SWE-Bench__c__maintenance__bugfix__b8c88ac8,ponylang__ponyc-2205,c,fail,1.0,1.0,10.0,39330,0,,25fa3b158281bee9fd0778de618ad8968d5ed026
Multi,Multi-SWE-Bench__javascript__maintenance__bugfix__2f838a18,sveltejs__svelte-10608,javascript,fail,2.0,2.0,30.0,3452,0,,db0b802fc2a8d0cd75f3dc209f19e06712be5a92
Poly,SWE-PolyBench__typescript__evolution__feature__c2e9e5ff,mui__material-ui-13534,mixed,fail,5.0,9.0,22.0,2846.0,0,,20cd3e33ae60e4970653716b7732212e93bab38c
Multi,Multi-SWE-Bench__javascript__maintenance__bugfix__838d3d25,sveltejs__svelte-14935,javascript,fail,0,0,0,95110,7,,a1f371e78656f951ad75945493a798716ecc92c4
Multi,Multi-SWE-Bench__go__maintenance__bugfix__3d85271b,cli__cli-7110,go,fail,1.0,1.0,2.0,39870,0,,c6a693c459c22b66a2914ba2794e24d22faa8015
Pro,SWE-Bench-Pro__javascript__maintenance__bugfix__e31ec45c,instance_NodeBB__NodeBB-f2082d7de85eb62a70819f4f3396dd85626a0c0a-vd59a5728dfc977f44533186ace531248c2917516,mixed,fail,6.0,8.0,74.0,4348.0,0,,f0d989e4ba5b0dccff6e56022fc6d378d05ab404
Multi,Multi-SWE-Bench__javascript__maintenance__bugfix__5b47b0dd,iamkun__dayjs-1319,javascript,fail,0,0,0,6922,1,,cc993f0a8d18d33c0137616b80adc86127ba3424
Poly,SWE-PolyBench__typescript__maintenance__bugfix__42165c4e,coder__code-server-6278,mixed,fail,2.0,3.0,15.0,914.0,0,,5d3c9edce436d11d51aa1e586c11eaa49d626dc2
Multi,Multi-SWE-Bench__java__maintenance__bugfix__6ba3d94b,fasterxml__jackson-core-964,java,fail,1.0,2.0,16.0,44901,5,,2b53cce78c6ca037938e6f26d6935c5f9b8c07dd
Multi,Multi-SWE-Bench__java__maintenance__bugfix__5eea2978,fasterxml__jackson-core-1016,java,fail,1.0,3.0,6.0,58487,1,,315ac5ad2ad5228129a3df50623570d9bc2d7045
Multi,Multi-SWE-Bench__typescript__maintenance__bugfix__8d36ca39,mui__material-ui-37855,typescript,fail,2.0,3.0,13.0,24595,0,,b00bdc767032fd008e5e3ec3133d6dc51264b1de
Multi,Multi-SWE-Bench__go__maintenance__bugfix__1b8cfbf9,cli__cli-3608,go,fail,0,0,0,39933,0,,026b07d1cfbf23a3ccb4d4703a2496d65e177fcc
Multi,Multi-SWE-Bench__rust__maintenance__bugfix__3a4062fe,tokio-rs__tokio-4519,rust,fail,1.0,1.0,4.0,23341,5,,43c224ff47e41628ca787d116080d69bd7030c3f
Multi,Multi-SWE-Bench__javascript__maintenance__bugfix__a98dbc6f,sveltejs__svelte-14629,javascript,fail,5.0,5.0,14.0,49861,0,,c66bf178aae18c2b4d8ac189a48cf10c47e4d417
Multi,Multi-SWE-Bench__rust__maintenance__bugfix__16860730,nushell__nushell-13357,rust,fail,1.0,1.0,2.0,48543,0,,5417c89387b67c3192ae9043473b556cd669ee15
Multi,Multi-SWE-Bench__javascript__maintenance__bugfix__2f405b15,sveltejs__svelte-9962,javascript,fail,0,0,0,64200,0,,092370b43fcb1b76f1c4cf713d1806b8ecb4932b
Multi,Multi-SWE-Bench__rust__maintenance__bugfix__03fdad45,tokio-rs__bytes-721,rust,fail,0.6666666666666666,0.6666666666666666,4.666666666666667,36217,0,,9965a04b5684079bb614addd750340ffc165a9f5
Verified,SWE-Bench-Verified__python__maintenance__bugfix__409b7811,django__django-11820,python,fail,1.0,1.0,3.0,424.0,1,,c2678e49759e5c4c329bff0eeca2886267005d21
Multi,Multi-SWE-Bench__typescript__maintenance__bugfix__c3284db4,mui__material-ui-39108,typescript,fail,3.0,5.0,11.0,61636,1,,375358b6f7d00342ad2a282c34950ebfb4b2cdc8
Multi,Multi-SWE-Bench__typescript__maintenance__bugfix__0b0f1e0e,mui__material-ui-24202,typescript,fail,1.0,1.0,6.0,52855,1,,984645eb1a765abbf39a4f61dad0d21a6e518ee3
Poly,SWE-PolyBench__python__maintenance__bugfix__b52bbc24,langchain-ai__langchain-5584,mixed,fail,1.0,1.0,2.0,378.0,0,,4c572ffe959957b515528a9036b374f56cef027f
Pro,SWE-Bench-Pro__javascript__maintenance__bugfix__ac8400d9,instance_NodeBB__NodeBB-f48ed3658aab7be0f1165d4c1f89af48d7865189-v0495b863a912fbff5749c67e860612b91825407c,mixed,fail,7.0,8.5,24.0,2408.0,0,,140f9d2481f7a97941593eb6c158013deeb0c0d4
Multi,Multi-SWE-Bench__java__maintenance__bugfix__14da06bc,elastic__logstash-14027,java,fail,1.0,1.0,28.0,69108,0,,96f7e2949d4f8a3b3e198fa3775ccd107ee63d03
Multi,Multi-SWE-Bench__go__maintenance__bugfix__3deeea9c,cli__cli-2250,go,fail,0,0,0,41676,2,,b5366c6ebf22589f62089ea79c349538335a3e99
Pro,SWE-Bench-Pro__python__maintenance__bugfix__607fc4ff,instance_internetarchive__openlibrary-910b08570210509f3bcfebf35c093a48243fe754-v0f5aece3601a5b4419f7ccec1dbda2071be28ee4,mixed,fail,6.0,12.0,136.0,6882.0,0,,e9e9d8be33f09cd487b905f339ec3e76ad75e0bb
Pro,SWE-Bench-Pro__javascript__maintenance__bugfix__39a9746b,instance_element-hq__element-web-5dfde12c1c1c0b6e48f17e3405468593e39d9492-vnan,mixed,fail,6.0,13.0,65.0,5805.0,0,,f97cef80aed8ee6011543f08bee8b1745a33a7db
Multi,Multi-SWE-Bench__typescript__maintenance__bugfix__8fcb53e6,mui__material-ui-37850,typescript,fail,1.0,1.0,3.0,40699,0,,eb8e95bacf06f824f9e88e7cf1399be1fa23b48f
Multi,Multi-SWE-Bench__cpp__maintenance__bugfix__4a37a167,nlohmann__json-2225,cpp,fail,0,0,0,70320,0,,5ba0f65c34832aa18fb2b582d58a0c1f92c93bfb
Poly,SWE-PolyBench__python__maintenance__bugfix__5188c6bc,huggingface__transformers-6098,mixed,pass,1.0,1.0,7.0,303.0,0,,dafa296c952c08fca3686f1cf8f3a8f8eb116744
Pro,SWE-Bench-Pro__python__maintenance__bugfix__31f13b61,instance_ansible__ansible-8127abbc298cabf04aaa89a478fc5e5e3432a6fc-v30a923fb5c164d6cd18280c02422f75e611e8fb2,mixed,fail,1.0,2.0,50.0,9345.0,0,,3684b4824d367f866d038c5373f975503580d49e
Multi,Multi-SWE-Bench__rust__maintenance__bugfix__92158fba,clap-rs__clap-3975,rust,fail,1.0,1.0,2.0,47811,0,,ce8ebe1ccce8a07b461207ebef439c20f7522deb
Multi,Multi-SWE-Bench__go__maintenance__bugfix__2fea5f6b,cli__cli-5973,go,fail,0,0,0,6315,12,,954689ea9f26e3131ca816285eee8930cd8aa835
Verified,SWE-Bench-Verified__python__maintenance__bugfix__59acbd9a,sphinx-doc__sphinx-7910,python,pass,1.0,2.0,22.0,485.0,73,,27ac10de04697e2372d31db5548e56a7c6d9265d
Pro,SWE-Bench-Pro__python__maintenance__bugfix__7c2efe8a,instance_internetarchive__openlibrary-e1e502986a3b003899a8347ac8a7ff7b08cbfc39-v08d8e8889ec945ab821fb156c04c7d2e2810debb,mixed,fail,5.0,6.0,97.0,2952.0,0,,77c16d530b4d5c0f33d68bead2c6b329aee9b996
Pro,SWE-Bench-Pro__python__maintenance__bugfix__64fffdfa,instance_qutebrowser__qutebrowser-473a15f7908f2bb6d670b0e908ab34a28d8cf7e2-v363c8a7e5ccdf6968fc7ab84a2053ac78036691d,mixed,fail,4.0,6.0,127.0,1750.0,0,,8e08f046aeffb38445cc659050f7a083b4a9649c
Pro,SWE-Bench-Pro__javascript__maintenance__bugfix__5c001746,instance_element-hq__element-web-aeabf3b18896ac1eb7ae9757e66ce886120f8309-vnan,mixed,fail,6.0,9.0,106.0,9858.0,0,,c9d9c421bc7e3f2a9d5d5ed05679cb3e8e06a388
Poly,SWE-PolyBench__typescript__maintenance__bugfix__22615f27,microsoft__vscode-153121,mixed,fail,1.0,2.0,9.0,597.0,0,,1a599e2d1792630bc7c53232404d83214acb88f4
Verified,SWE-Bench-Verified__python__maintenance__bugfix__1eaeabf4,sympy__sympy-23262,python,fail,1.0,1.0,3.0,367.0,79,,fdc707f73a65a429935c01532cd3970d3355eab6
Verified,SWE-Bench-Verified__python__maintenance__bugfix__2d984316,matplotlib__matplotlib-24627,python,pass,1.0,1.0,84.0,297.0,68,,9d22ab09d52d279b125d8770967569de070913b2
Poly,SWE-PolyBench__python__maintenance__bugfix__6ef81275,huggingface__transformers-23141,mixed,pass,1.0,2.0,8.0,881.0,0,,78b7debf56efb907c6af767882162050d4fbb294
Verified,SWE-Bench-Verified__python__maintenance__bugfix__deb49033,astropy__astropy-13398,python,fail,3.0,7.0,25.0,2946.3333333333335,0,,6500928dc0e57be8f06d1162eacc3ba5e2eff692
Poly,SWE-PolyBench__javascript__maintenance__bugfix__9c9b931e,serverless__serverless-2945,mixed,fail,1.0,2.0,20.0,545.0,0,,5a3e0c2bcaff15d77c925995693379967da42d80
Verified,SWE-Bench-Verified__python__maintenance__bugfix__c923cfa8,django__django-13809,python,fail2pass,1.0,1.5,10.0,592.6666666666666,88,,bef6f7584280f1cc80e5e2d80b7ad073a93d26ec
Verified,SWE-Bench-Verified__python__maintenance__bugfix__28ed0b77,sphinx-doc__sphinx-10614,python,fail,1.0,1.0,8.0,610.0,2,,ac2b7599d212af7d04649959ce6926c63c3133fa
Multi,Multi-SWE-Bench__c__maintenance__bugfix__1e195cd6,ponylang__ponyc-4595,c,fail,1.0,1.0,9.0,57644,0,,f8a2feebba3aea298bde89d445ad35ca48602ca7
Verified,SWE-Bench-Verified__python__maintenance__bugfix__3146e19b,matplotlib__matplotlib-26208,python,fail,1.0,2.0,28.0,304.0,2,,f0f133943d3e4f1e2e665291fe1c8f658a84cc09
Multi,Multi-SWE-Bench__go__maintenance__bugfix__1ba303a5,cli__cli-5537,go,fail,1.0,2.0,2.0,32562,0,,beba0e1d78996f0033c77e462e6bf9db0fecc2af
Poly,SWE-PolyBench__python__maintenance__bugfix__0cf27f56,keras-team__keras-19973,mixed,fail,1.0,1.0,6.0,242.0,0,,10a008fac10e2eb7dd343c128cbf2e0f971fa993
Multi,Multi-SWE-Bench__go__maintenance__bugfix__6e022940,cli__cli-3270,go,fail,1.0,1.0,27.0,52013,3,,157bab18e4c9f9f6f6306c39aa1964d04ec94a71
Multi,Multi-SWE-Bench__typescript__maintenance__bugfix__18eac778,vuejs__core-10027,typescript,fail,0.6666666666666666,0.6666666666666666,1.3333333333333333,5225,2,,68e5cc6ac8fc289372831c5fbdff09e63728fc00
